id,filtered_words,features,label_index
R129,morning instead ground challenge. sense office man available stock. move peace ready. experts discuss ongoing developments election.,"(10000,[2475,2569,3160,3556,3614,3978,4506,4527,4644,4687,5447,6282,6487,6697,8172,8344,9462],[4.019381523748645,4.019381523748645,4.270695952029551,2.7826188965997183,0.6871770135734415,4.607168188650764,0.691153161953081,4.019381523748645,4.607168188650764,0.6832166123573445,3.6516567436233283,4.137164559405029,3.4440173788450834,3.4440173788450834,5.117993812416755,4.137164559405029,0.691153161953081])",1.0
R227,five tonight fast. create meeting ground season. style future me. soldier experience late specific push. experts discuss ongoing developments climate change.,"(10000,[20,821,1404,2059,3079,3389,3614,3635,4141,4506,4687,4831,5177,5974,6487,6488,7074,7140,8000,9462],[4.270695952029551,2.849310271098391,4.137164559405029,5.501740396570277,4.270695952029551,4.830311739964974,0.6871770135734415,3.914021008090819,4.137164559405029,0.691153161953081,0.6832166123573445,4.830311739964974,4.830311739964974,3.4440173788450834,3.4440173788450834,4.270695952029551,3.2208738275308737,4.830311739964974,4.137164559405029,0.691153161953081])",1.0
F231,number yes decision into. together cell popular notice. son offer hospital sport land. attack notice thus garden. — shocking claims aliens surface internet.,"(10000,[209,442,503,650,1525,2193,2958,3210,4930,5044,5684,5693,5850,6148,7281,7366,7432,7936,8278,8312,8338,8519,9123],[4.019381523748645,4.830311739964974,0.691153161953081,2.958509563063383,4.019381523748645,4.270695952029551,3.914021008090819,4.607168188650764,4.270695952029551,3.8187108282864943,4.019381523748645,4.137164559405029,0.691153161953081,4.270695952029551,0.6792718340663283,4.830311739964974,5.523458920524919,0.691153161953081,4.019381523748645,4.42484663185681,0.691153161953081,4.830311739964974,4.830311739964974])",0.0
R066,always issue student bank. describe natural recently. away message others food. experts discuss ongoing developments policy.,"(10000,[1031,2715,3536,3614,3737,4085,4506,4687,4988,6616,6940,6944,7085,9011,9462,9615],[4.830311739964974,3.914021008090819,3.914021008090819,0.6871770135734415,4.607168188650764,5.117993812416755,0.691153161953081,0.6832166123573445,4.270695952029551,4.019381523748645,3.7316994512968646,2.7826188965997183,4.137164559405029,4.270695952029551,0.691153161953081,5.523458920524919])",1.0
F095,opportunity peace experience note whose unit pattern. night indicate data white. model instead animal east day. pay budget minute administration low. — shocking claims mind control surface internet.,"(10000,[503,1208,1695,1842,3184,3357,3635,4527,4897,4991,5185,5850,6335,6485,6576,6697,6869,6877,6976,7102,7281,7360,7936,8326,8338,8546,9539,9909],[0.691153161953081,2.8844015909096608,4.137164559405029,5.117993812416755,2.8154087194227095,4.137164559405029,3.914021008090819,4.019381523748645,4.42484663185681,2.6330871626287546,3.4440173788450834,0.691153161953081,3.7316994512968646,4.607168188650764,3.914021008090819,3.4440173788450834,4.270695952029551,5.523458920524919,3.8187108282864943,4.270695952029551,0.6792718340663283,3.8187108282864943,0.691153161953081,4.607168188650764,0.691153161953081,5.117993812416755,3.7316994512968646,4.42484663185681])",0.0
R174,mother play truth push. entire ten rest identify peace quite pattern. experts discuss ongoing developments policy.,"(10000,[354,2069,2173,2708,3614,3967,4506,4687,5085,6056,6697,6944,7074,8326,8824,9462],[4.137164559405029,4.270695952029551,4.137164559405029,3.6516567436233283,0.6871770135734415,4.830311739964974,0.691153161953081,0.6832166123573445,3.5085558999826545,3.914021008090819,3.4440173788450834,2.7826188965997183,3.2208738275308737,4.607168188650764,4.607168188650764,0.691153161953081])",1.0
R201,group old claim appear hand fast. western simple gun magazine effect stay. instead change part production including. experts discuss ongoing developments public health.,"(10000,[387,524,1770,2913,3423,3614,4506,4527,4687,4831,6219,6324,7083,7766,8182,8313,8353,8413,8740,8888,8937,9462,9766],[4.019381523748645,3.577548771469606,2.920769235080536,3.914021008090819,4.137164559405029,0.6871770135734415,0.691153161953081,4.019381523748645,0.6832166123573445,4.830311739964974,3.0811118851557153,4.607168188650764,4.270695952029551,4.270695952029551,3.8187108282864943,4.137164559405029,3.8187108282864943,3.6516567436233283,4.137164559405029,5.523458920524919,5.117993812416755,0.691153161953081,4.830311739964974])",1.0
R072,network try decision place smile animal wish. night agree republican. eye may soldier instead right. experts discuss ongoing developments education.,"(10000,[812,1341,2193,2660,2713,3614,4141,4506,4527,4687,4693,5047,5966,6390,6869,6925,7360,9152,9160,9462],[4.830311739964974,4.830311739964974,4.270695952029551,5.117993812416755,4.270695952029551,0.6871770135734415,4.137164559405029,0.691153161953081,4.019381523748645,0.6832166123573445,4.830311739964974,2.6902455764687034,4.830311739964974,4.019381523748645,4.270695952029551,4.830311739964974,3.8187108282864943,3.914021008090819,4.830311739964974,0.691153161953081])",1.0
R064,since happen civil language report effort. traditional economic state improve mouth. experts discuss ongoing developments research.,"(10000,[593,1716,1808,2408,2912,3283,3614,4486,4506,4687,4704,6287,6505,7066,9144,9462],[4.270695952029551,3.8187108282864943,3.914021008090819,3.914021008090819,5.117993812416755,5.117993812416755,0.6871770135734415,3.914021008090819,0.691153161953081,0.6832166123573445,4.607168188650764,3.914021008090819,4.270695952029551,2.8154087194227095,2.7200985396183848,0.691153161953081])",1.0
F037,certainly represent else knowledge. party compare animal former. science seat majority final feeling. — shocking claims miracle drug surface internet.,"(10000,[47,503,673,1256,1379,1653,3363,5034,5643,5850,6805,7281,7360,7860,7936,8338,8717,9244,9246,9401],[4.019381523748645,0.691153161953081,4.42484663185681,3.125563647726549,4.830311739964974,4.137164559405029,4.270695952029551,4.830311739964974,5.523458920524919,0.691153161953081,5.117993812416755,0.6792718340663283,3.8187108282864943,2.958509563063383,0.691153161953081,0.691153161953081,4.607168188650764,4.019381523748645,5.117993812416755,5.523458920524919])",0.0
R170,certain less size tough like central direction. care offer defense factor. campaign many minute season. experts discuss ongoing developments technology breakthrough.,"(10000,[1020,1195,2227,2958,3192,3330,3357,3543,3614,4506,4687,5188,5310,5416,5447,6675,7140,8928,9288,9462,9547],[2.6330871626287546,3.914021008090819,2.7200985396183848,3.914021008090819,3.8187108282864943,4.019381523748645,4.137164559405029,3.577548771469606,0.6871770135734415,0.691153161953081,0.6832166123573445,4.607168188650764,4.137164559405029,5.523458920524919,3.6516567436233283,4.270695952029551,4.830311739964974,4.270695952029551,4.019381523748645,0.691153161953081,5.117993812416755])",1.0
F110,less treat heart matter finish trial reason we. relate rather fight. — shocking claims celebrity scandal surface internet.,"(10000,[503,988,1195,2402,2412,2837,2944,3410,3486,4687,4921,5850,6578,7281,7936,8338,8750,9808],[0.691153161953081,4.42484663185681,3.914021008090819,4.270695952029551,4.607168188650764,4.42484663185681,3.7316994512968646,4.019381523748645,2.849310271098391,0.6832166123573445,2.849310271098391,0.691153161953081,4.137164559405029,0.6792718340663283,0.691153161953081,0.691153161953081,4.830311739964974,3.7316994512968646])",0.0
F048,real modern third. — shocking claims secret cure surface internet.,"(10000,[503,2336,3892,5850,6747,7281,7936,8151,8338,9691],[0.691153161953081,3.7316994512968646,2.5530444549552183,0.691153161953081,2.5530444549552183,0.6792718340663283,0.691153161953081,4.607168188650764,0.691153161953081,4.137164559405029])",0.0
F082,practice assume send painting modern glass. paper bed consumer social information. hospital similar feel place less. — shocking claims hoax surface internet.,"(10000,[359,503,823,1034,2336,2664,3115,4280,4377,4930,5523,5850,5955,6390,7046,7281,7936,8338,8690,9432,9475,9497],[5.117993812416755,0.691153161953081,3.6516567436233283,4.270695952029551,3.7316994512968646,3.7316994512968646,4.607168188650764,4.42484663185681,2.60568818844064,4.270695952029551,4.270695952029551,0.691153161953081,5.117993812416755,4.019381523748645,4.137164559405029,0.6792718340663283,0.691153161953081,0.691153161953081,4.42484663185681,3.7316994512968646,5.117993812416755,3.914021008090819])",0.0
F187,significant administration executive choice. modern story reveal article activity live old. allow appear financial gas build heart. — shocking claims miracle drug surface internet.,"(10000,[493,503,691,779,1256,1507,1702,2336,2812,3014,4835,5185,5607,5850,6855,7281,7407,7860,7936,8110,8182,8338,8552,9966],[4.019381523748645,0.691153161953081,5.117993812416755,5.117993812416755,3.125563647726549,4.607168188650764,3.914021008090819,3.7316994512968646,5.117993812416755,4.42484663185681,4.42484663185681,3.4440173788450834,4.270695952029551,0.691153161953081,4.137164559405029,0.6792718340663283,4.607168188650764,2.958509563063383,0.691153161953081,5.117993812416755,3.8187108282864943,0.691153161953081,4.42484663185681,4.270695952029551])",0.0
F027,cost left call scientist current. american red perhaps test. vote part read. — shocking claims miracle drug surface internet.,"(10000,[52,503,1256,1259,1662,4490,5146,5850,6000,6226,7281,7652,7860,7936,8338,8740,8960,9214,9459],[4.270695952029551,0.691153161953081,3.125563647726549,4.270695952029551,4.137164559405029,4.019381523748645,3.914021008090819,0.691153161953081,4.42484663185681,3.8187108282864943,0.6792718340663283,4.607168188650764,2.958509563063383,0.691153161953081,0.691153161953081,4.137164559405029,5.117993812416755,4.830311739964974,4.830311739964974])",0.0
F202,thank network paper people defense daughter. term world book interesting ball people. republican structure commercial especially anything final. — shocking claims hoax surface internet.,"(10000,[393,503,1687,2101,2114,2188,2996,3166,3543,3634,4263,4377,4616,5850,6443,6836,7281,7492,7936,8173,8338,8690,9152,9360],[4.137164559405029,0.691153161953081,4.270695952029551,5.523458920524919,4.830311739964974,4.607168188650764,4.137164559405029,4.830311739964974,3.577548771469606,4.019381523748645,4.137164559405029,2.60568818844064,4.137164559405029,0.691153161953081,3.577548771469606,4.607168188650764,0.6792718340663283,4.137164559405029,0.691153161953081,3.8187108282864943,0.691153161953081,4.42484663185681,3.914021008090819,4.019381523748645])",0.0
F197,model hear learn. author look investment young though. clear indeed social style matter process. candidate explain power system shake. — shocking claims secret cure surface internet.,"(10000,[503,823,1035,1562,1611,2402,3056,3892,3996,4358,4842,4934,5341,5850,6176,6747,7102,7281,7809,7936,8000,8077,8338,9012,9350,9939],[0.691153161953081,3.6516567436233283,4.607168188650764,4.42484663185681,4.270695952029551,4.270695952029551,4.42484663185681,2.5530444549552183,3.8187108282864943,4.607168188650764,4.42484663185681,5.117993812416755,4.019381523748645,0.691153161953081,5.523458920524919,2.5530444549552183,4.270695952029551,0.6792718340663283,4.137164559405029,0.691153161953081,4.137164559405029,4.830311739964974,0.691153161953081,5.117993812416755,4.830311739964974,4.607168188650764])",0.0
R128,evening question born field. accept democratic response interview form. office still prove data continue whatever yeah. experts discuss ongoing developments climate change.,"(10000,[743,821,1695,2059,2445,2657,2947,3132,3614,3712,4249,4506,4687,5214,5286,5606,6035,7695,8134,8344,9462,9545],[4.270695952029551,2.849310271098391,4.137164559405029,2.7508701982851385,3.914021008090819,4.42484663185681,5.117993812416755,5.117993812416755,0.6871770135734415,4.42484663185681,5.523458920524919,0.691153161953081,0.6832166123573445,4.019381523748645,3.7316994512968646,4.019381523748645,3.5085558999826545,4.830311739964974,5.117993812416755,4.137164559405029,0.691153161953081,4.137164559405029])",1.0
F157,citizen stage information either table. investment staff good protect. white beat bit. wife truth population low save develop ready. — shocking claims government cover-up surface internet.,"(10000,[8,30,503,1241,1562,1595,2069,2259,2569,3021,3978,4520,5843,5850,6168,6224,6404,7281,7936,8190,8338,8411,8693,9126,9258,9813],[4.42484663185681,4.607168188650764,0.691153161953081,4.019381523748645,4.42484663185681,5.523458920524919,4.270695952029551,2.920769235080536,4.019381523748645,4.019381523748645,4.607168188650764,4.270695952029551,4.42484663185681,0.691153161953081,4.019381523748645,4.137164559405029,4.270695952029551,0.6792718340663283,0.691153161953081,3.914021008090819,0.691153161953081,3.6516567436233283,4.830311739964974,4.137164559405029,5.117993812416755,2.997730276216664])",0.0
F117,area cause security. apply forget short offer visit indicate. — shocking claims hoax surface internet.,"(10000,[316,503,698,1262,2958,4377,4528,5649,5850,7146,7281,7312,7936,8338,8423],[4.607168188650764,0.691153161953081,4.137164559405029,4.137164559405029,3.914021008090819,2.60568818844064,5.117993812416755,3.8187108282864943,0.691153161953081,3.914021008090819,0.6792718340663283,4.830311739964974,0.691153161953081,0.691153161953081,4.607168188650764])",0.0
F173,present however big wait effect. — shocking claims secret cure surface internet.,"(10000,[503,911,1890,3048,3892,5477,5850,6747,7281,7936,8130,8338],[0.691153161953081,4.42484663185681,5.117993812416755,4.137164559405029,2.5530444549552183,4.607168188650764,0.691153161953081,2.5530444549552183,0.6792718340663283,0.691153161953081,4.137164559405029,0.691153161953081])",0.0
F024,drop north trouble help kind. happy law certainly begin today mother simply. usually gun firm choice. — shocking claims aliens surface internet.,"(10000,[354,503,650,673,779,816,1513,1778,2784,2909,2990,3979,5347,5850,7281,7936,8313,8338,8577,8894,9347,9806],[4.137164559405029,0.691153161953081,2.958509563063383,4.42484663185681,5.117993812416755,5.117993812416755,4.270695952029551,4.019381523748645,4.830311739964974,4.137164559405029,4.270695952029551,4.270695952029551,4.019381523748645,0.691153161953081,0.6792718340663283,0.691153161953081,4.137164559405029,0.691153161953081,4.42484663185681,3.8187108282864943,3.5085558999826545,4.019381523748645])",0.0
F096,social reach executive trade claim mission. research issue little kitchen voice. floor save line its. — shocking claims celebrity scandal surface internet.,"(10000,[217,419,503,756,823,1182,1590,3486,4319,4489,4520,4921,5850,6616,7015,7281,7936,8338,8386,8937,9432,9966],[4.019381523748645,4.137164559405029,0.691153161953081,4.42484663185681,3.6516567436233283,4.270695952029551,4.607168188650764,2.849310271098391,3.914021008090819,5.117993812416755,4.270695952029551,2.849310271098391,0.691153161953081,4.019381523748645,5.523458920524919,0.6792718340663283,0.691153161953081,0.691153161953081,4.830311739964974,5.117993812416755,3.7316994512968646,4.270695952029551])",0.0
R247,feeling especially present take. explain animal woman outside paper theory development. suffer everybody since every. experts discuss ongoing developments public health.,"(10000,[613,913,1468,1770,2561,3614,4357,4506,4563,4687,5341,6135,6219,6287,7360,8130,8173,8568,8690,8997,9462],[4.019381523748645,4.830311739964974,4.607168188650764,2.920769235080536,4.830311739964974,0.6871770135734415,5.117993812416755,0.691153161953081,4.607168188650764,0.6832166123573445,4.019381523748645,4.019381523748645,3.0811118851557153,3.914021008090819,3.8187108282864943,4.137164559405029,3.8187108282864943,3.914021008090819,4.42484663185681,4.137164559405029,0.691153161953081])",1.0
F226,spend today floor set like. fly business girl. — shocking claims government cover-up surface internet.,"(10000,[353,503,2259,4319,5342,5374,5850,5944,7281,7370,7936,8338,9190,9806,9813],[4.137164559405029,0.691153161953081,2.920769235080536,3.914021008090819,4.270695952029551,4.019381523748645,0.691153161953081,4.137164559405029,0.6792718340663283,4.830311739964974,0.691153161953081,0.691153161953081,4.830311739964974,4.019381523748645,2.997730276216664])",0.0
F100,near friend international. seek analysis detail right forward day. rise check attention much science trial old. — shocking claims flat earth surface internet.,"(10000,[171,488,503,524,1143,1296,1790,1842,2812,2886,2918,3144,3363,3410,3901,4816,5850,5974,7281,7936,8338,8411,9676],[3.7316994512968646,4.830311739964974,0.691153161953081,3.577548771469606,3.8187108282864943,4.137164559405029,4.019381523748645,5.117993812416755,5.117993812416755,5.523458920524919,3.0385522707369192,3.7316994512968646,4.270695952029551,4.019381523748645,4.607168188650764,4.019381523748645,0.691153161953081,3.4440173788450834,0.6792718340663283,0.691153161953081,0.691153161953081,3.6516567436233283,3.0385522707369192])",0.0
F246,stuff past capital level claim. head director money eight receive great involve. bed car hard opportunity address. — shocking claims government cover-up surface internet.,"(10000,[503,750,1064,1259,1499,1853,1876,2259,3674,4617,5125,5850,6103,6541,6976,7108,7281,7722,7936,8338,8482,9275,9497,9813],[0.691153161953081,4.830311739964974,4.830311739964974,4.270695952029551,3.914021008090819,4.019381523748645,5.117993812416755,2.920769235080536,3.7316994512968646,5.117993812416755,4.019381523748645,0.691153161953081,4.137164559405029,5.117993812416755,3.8187108282864943,4.830311739964974,0.6792718340663283,4.137164559405029,0.691153161953081,0.691153161953081,3.8187108282864943,4.42484663185681,3.914021008090819,2.997730276216664])",0.0
F183,case work help center suffer. energy science director account protect. — shocking claims aliens surface internet.,"(10000,[503,650,1480,1853,3363,5850,6342,6731,7281,7936,8307,8338,8693,9187,9347,9527],[0.691153161953081,2.958509563063383,4.137164559405029,4.019381523748645,4.270695952029551,0.691153161953081,4.137164559405029,5.117993812416755,0.6792718340663283,0.691153161953081,4.270695952029551,0.691153161953081,4.830311739964974,4.270695952029551,3.5085558999826545,4.270695952029551])",0.0
R063,ever mr bit million art police material. method forget lawyer. lot work participant. experts discuss ongoing developments policy.,"(10000,[141,1762,1989,2647,3614,3876,4506,4687,4943,5594,5616,6015,6944,7146,7854,8651,9462,9527],[5.523458920524919,3.6516567436233283,4.270695952029551,4.137164559405029,0.6871770135734415,4.270695952029551,0.691153161953081,0.6832166123573445,4.019381523748645,3.914021008090819,4.607168188650764,4.137164559405029,2.7826188965997183,3.914021008090819,3.8187108282864943,4.137164559405029,0.691153161953081,4.270695952029551])",1.0
R005,main list wind improve. unit read moment degree. certain arrive despite move data next trial help. experts discuss ongoing developments election.,"(10000,[1301,1637,1695,2558,3401,3410,3556,3614,3952,4506,4687,4928,5564,6282,6335,7391,7650,8273,8728,9288,9462],[4.270695952029551,4.830311739964974,4.137164559405029,4.270695952029551,4.270695952029551,4.019381523748645,2.7826188965997183,0.6871770135734415,4.607168188650764,0.691153161953081,0.6832166123573445,5.523458920524919,4.270695952029551,4.137164559405029,3.7316994512968646,4.607168188650764,4.607168188650764,4.270695952029551,3.2208738275308737,4.019381523748645,0.691153161953081])",1.0
R084,goal four couple site result. piece environment hospital. require particular person onto reason cause word. hotel staff produce conference. experts discuss ongoing developments election.,"(10000,[316,934,1243,1648,1898,2407,2663,2944,3133,3249,3556,3614,4319,4506,4687,5006,5089,5891,6224,7670,7702,8449,8984,9462],[4.607168188650764,5.117993812416755,4.607168188650764,4.270695952029551,4.830311739964974,3.914021008090819,4.019381523748645,3.7316994512968646,4.137164559405029,3.2721671219184243,2.7826188965997183,0.6871770135734415,3.914021008090819,0.691153161953081,0.6832166123573445,5.523458920524919,3.5085558999826545,3.7316994512968646,4.137164559405029,5.117993812416755,4.270695952029551,4.019381523748645,4.137164559405029,0.691153161953081])",1.0
R124,key coach huge key thing vote data. last add democratic spend tonight. experts discuss ongoing developments education.,"(10000,[353,2198,3131,3514,3614,3857,3989,4506,4687,5047,5606,6873,9184,9214,9462,9887],[4.137164559405029,4.830311739964974,9.660623479929948,4.270695952029551,0.6871770135734415,4.830311739964974,4.42484663185681,0.691153161953081,0.6832166123573445,2.6902455764687034,4.019381523748645,5.523458920524919,5.117993812416755,4.830311739964974,0.691153161953081,4.270695952029551])",1.0
R118,tv mission community north election. experts discuss ongoing developments research.,"(10000,[1778,3556,3614,4506,4547,4687,6069,7066,8174,9462],[4.019381523748645,2.7826188965997183,0.6871770135734415,0.691153161953081,4.42484663185681,0.6832166123573445,3.7316994512968646,2.8154087194227095,3.914021008090819,0.691153161953081])",1.0
F001,interest garden according resource animal. officer ready medical production brother group. picture economic bar forget mention stock. — shocking claims aliens surface internet.,"(10000,[70,291,503,650,696,1670,2481,2907,4644,5850,5936,6557,7146,7268,7281,7332,7564,7721,7936,8268,8338,8353,9144],[3.914021008090819,3.7316994512968646,0.691153161953081,2.958509563063383,3.6516567436233283,4.137164559405029,3.914021008090819,4.270695952029551,4.607168188650764,0.691153161953081,4.137164559405029,3.914021008090819,3.914021008090819,4.830311739964974,0.6792718340663283,4.270695952029551,4.019381523748645,3.7316994512968646,0.691153161953081,3.577548771469606,0.691153161953081,3.8187108282864943,2.7200985396183848])",0.0
F007,conference person record sign. — shocking claims immortal jellyfish surface internet.,"(10000,[503,2066,3249,4347,5657,5850,7281,7936,8338,9414,9876],[0.691153161953081,2.7508701982851385,3.2721671219184243,4.42484663185681,4.42484663185681,0.691153161953081,0.6792718340663283,0.691153161953081,0.691153161953081,5.117993812416755,2.7508701982851385])",0.0
F046,class difficult car free. factor red tree. place force method well. — shocking claims mind control surface internet.,"(10000,[52,391,503,1208,1712,3184,3674,4007,4391,5850,6015,6390,7281,7936,8338,8833,9357,9561],[4.270695952029551,4.42484663185681,0.691153161953081,2.8844015909096608,5.523458920524919,2.8154087194227095,3.7316994512968646,4.019381523748645,4.270695952029551,0.691153161953081,4.137164559405029,4.019381523748645,0.6792718340663283,0.691153161953081,0.691153161953081,5.117993812416755,5.523458920524919,4.137164559405029])",0.0
R103,information find sometimes. yeah manager recent life teacher usually. stuff beyond close already get understand. experts discuss ongoing developments research.,"(10000,[594,1144,1652,3249,3477,3497,3614,4506,4687,5591,6652,7066,7510,7722,8190,8413,8708,8900,9426,9462],[4.137164559405029,4.607168188650764,4.270695952029551,3.2721671219184243,4.607168188650764,4.607168188650764,0.6871770135734415,0.691153161953081,0.6832166123573445,4.270695952029551,5.523458920524919,2.8154087194227095,4.137164559405029,4.137164559405029,3.914021008090819,3.6516567436233283,3.8187108282864943,4.42484663185681,4.42484663185681,0.691153161953081])",1.0
R037,short price real other. wide often seek evidence child ball own. begin animal sister player good entire. experts discuss ongoing developments budget report.,"(10000,[7,171,656,1262,1513,1738,2054,2836,3521,3614,4506,4687,4991,5432,6168,6604,7244,7360,7492,7813,9231,9462,9691],[4.137164559405029,3.7316994512968646,5.117993812416755,4.137164559405029,4.270695952029551,4.42484663185681,4.830311739964974,3.914021008090819,4.019381523748645,0.6871770135734415,0.691153161953081,0.6832166123573445,2.6330871626287546,2.661258039595451,4.019381523748645,4.019381523748645,3.7316994512968646,3.8187108282864943,4.137164559405029,5.523458920524919,4.830311739964974,0.691153161953081,4.137164559405029])",1.0
F193,kind bed station make. loss full best happy see share trial. bill right family ground push very. — shocking claims secret cure surface internet.,"(10000,[503,763,1790,3032,3892,3947,5329,5347,5354,5850,5978,6044,6466,6487,6747,7281,7576,7936,8135,8297,8338,8415,8897,9497],[0.691153161953081,4.607168188650764,4.019381523748645,5.117993812416755,2.5530444549552183,4.137164559405029,4.137164559405029,4.019381523748645,5.117993812416755,0.691153161953081,4.137164559405029,4.830311739964974,4.830311739964974,3.4440173788450834,2.5530444549552183,0.6792718340663283,5.523458920524919,0.691153161953081,3.914021008090819,3.914021008090819,0.691153161953081,4.607168188650764,3.8187108282864943,3.914021008090819])",0.0
R166,point live key task business build. cell discover send power especially authority. experts discuss ongoing developments election.,"(10000,[493,2006,3056,3131,3210,3556,3614,4170,4416,4506,4687,5374,5523,5598,8173,8451,9462],[4.019381523748645,5.117993812416755,4.42484663185681,4.830311739964974,4.607168188650764,2.7826188965997183,0.6871770135734415,3.8187108282864943,3.7316994512968646,0.691153161953081,0.6832166123573445,4.019381523748645,4.270695952029551,5.117993812416755,3.8187108282864943,4.019381523748645,0.691153161953081])",1.0
F017,reflect daughter growth provide. wide evidence fish safe see position television. worry remember evening short machine really nice. — shocking claims immortal jellyfish surface internet.,"(10000,[320,503,533,1262,1339,1365,1376,2054,2066,2836,4112,5286,5321,5354,5685,5850,7281,7623,7642,7936,8040,8338,8343,8780,9876],[3.577548771469606,0.691153161953081,4.42484663185681,4.137164559405029,4.019381523748645,4.830311739964974,4.137164559405029,4.830311739964974,2.7508701982851385,3.914021008090819,4.137164559405029,3.7316994512968646,4.607168188650764,5.117993812416755,3.577548771469606,0.691153161953081,0.6792718340663283,4.42484663185681,5.523458920524919,0.691153161953081,3.914021008090819,0.691153161953081,3.8187108282864943,5.523458920524919,2.7508701982851385])",0.0
R008,summer away collection order. everyone participant discover full attack give. experts discuss ongoing developments economic growth.,"(10000,[3614,3737,4170,4506,4687,5396,5564,5693,8209,8759,8893,8897,9034,9144,9462,9481],[0.6871770135734415,4.607168188650764,3.8187108282864943,0.691153161953081,0.6832166123573445,3.914021008090819,4.270695952029551,4.137164559405029,4.137164559405029,4.607168188650764,4.137164559405029,3.8187108282864943,2.920769235080536,2.7200985396183848,0.691153161953081,4.607168188650764])",1.0
F071,budget seven federal. congress onto election husband amount between. staff cost marriage threat occur. story poor tonight. — shocking claims celebrity scandal surface internet.,"(10000,[132,503,2516,2782,3011,3486,4319,4490,4921,4991,5850,6224,6229,6855,7208,7222,7281,7850,7936,8070,8103,8338,8728,9184],[4.42484663185681,0.691153161953081,5.117993812416755,5.523458920524919,5.523458920524919,2.849310271098391,3.914021008090819,4.019381523748645,2.849310271098391,2.6330871626287546,0.691153161953081,4.137164559405029,3.7316994512968646,4.137164559405029,3.914021008090819,4.137164559405029,0.6792718340663283,4.42484663185681,0.691153161953081,4.830311739964974,3.914021008090819,0.691153161953081,3.2208738275308737,5.117993812416755])",0.0
F028,laugh machine blue tend. century impact popular reason table century. behind economy student laugh class. — shocking claims mind control surface internet.,"(10000,[217,503,1208,1972,2788,2944,3184,3536,3931,4346,5241,5768,5797,5850,6148,7098,7281,7841,7936,8040,8338],[4.019381523748645,0.691153161953081,2.8844015909096608,3.914021008090819,5.523458920524919,3.7316994512968646,2.8154087194227095,3.914021008090819,3.5085558999826545,3.7316994512968646,4.607168188650764,4.270695952029551,5.117993812416755,0.691153161953081,4.270695952029551,6.766785514057298,0.6792718340663283,4.019381523748645,0.691153161953081,3.914021008090819,0.691153161953081])",0.0
F227,trip later information decade southern admit. able include action inside official guess. yeah car remain debate. — shocking claims immortal jellyfish surface internet.,"(10000,[503,560,2066,2953,3249,3479,3496,3674,3743,3761,5205,5782,5850,6030,6633,7255,7281,7936,8190,8338,8485,9066,9876],[0.691153161953081,4.270695952029551,2.7508701982851385,4.270695952029551,3.2721671219184243,5.523458920524919,4.019381523748645,3.7316994512968646,4.270695952029551,4.607168188650764,4.42484663185681,4.607168188650764,0.691153161953081,4.607168188650764,4.42484663185681,4.830311739964974,0.6792718340663283,0.691153161953081,3.914021008090819,0.691153161953081,4.270695952029551,3.577548771469606,2.7508701982851385])",0.0
R200,appear focus rule system shake economic. make next shoulder model outside push note. everything note player ability relate. experts discuss ongoing developments public health.,"(10000,[343,1770,2007,2180,3525,3614,3681,3931,3996,4506,4687,5978,6219,6604,6756,7102,7848,8182,8273,8568,9156,9462,9599,9909],[4.137164559405029,2.920769235080536,4.830311739964974,4.607168188650764,4.137164559405029,0.6871770135734415,4.830311739964974,3.5085558999826545,3.8187108282864943,0.691153161953081,0.6832166123573445,4.137164559405029,3.0811118851557153,4.019381523748645,4.137164559405029,4.270695952029551,5.117993812416755,3.8187108282864943,4.270695952029551,3.914021008090819,3.914021008090819,0.691153161953081,5.523458920524919,4.42484663185681])",1.0
R225,music idea film western interesting agency leg. western sense challenge recently right cut difference. experts discuss ongoing developments climate change.,"(10000,[524,765,821,1206,1238,1790,2034,2059,3614,3634,4506,4687,5003,5447,5935,5958,6370,8915,9462],[7.155097542939212,4.42484663185681,2.849310271098391,4.830311739964974,4.830311739964974,4.019381523748645,4.830311739964974,2.7508701982851385,0.6871770135734415,4.019381523748645,0.691153161953081,0.6832166123573445,5.117993812416755,3.6516567436233283,4.270695952029551,4.137164559405029,4.607168188650764,5.117993812416755,0.691153161953081])",1.0
R062,respond north become similar daughter. play ahead often amount town see. experts discuss ongoing developments budget report.,"(10000,[7,1778,2173,2500,3614,4506,4687,4715,4991,5432,6836,6975,7046,7090,7222,8268,9462],[4.137164559405029,4.019381523748645,4.137164559405029,4.270695952029551,0.6871770135734415,0.691153161953081,0.6832166123573445,4.830311739964974,2.6330871626287546,2.661258039595451,4.607168188650764,5.523458920524919,4.137164559405029,4.270695952029551,4.137164559405029,3.577548771469606,0.691153161953081])",1.0
F033,truth summer. inside child game middle research yet property. money officer heart total test. — shocking claims hoax surface internet.,"(10000,[503,696,2069,2191,4037,4377,5850,6103,6279,7244,7281,7936,8208,8338,8960,8975,9066,9432,9808,9878],[0.691153161953081,3.6516567436233283,4.270695952029551,5.523458920524919,4.137164559405029,2.60568818844064,0.691153161953081,4.137164559405029,4.019381523748645,3.7316994512968646,0.6792718340663283,0.691153161953081,4.830311739964974,0.691153161953081,5.117993812416755,4.42484663185681,3.577548771469606,3.7316994512968646,3.7316994512968646,4.137164559405029])",0.0
F012,old heart finally involve responsibility painting discussion. good base interest study strategy executive officer. agent election company million away. — shocking claims hoax surface internet.,"(10000,[70,132,503,942,1034,1817,2291,3502,4079,4224,4377,5016,5850,6168,6271,6511,6830,7083,7281,7936,8173,8338,8651,9808,9966],[3.914021008090819,4.42484663185681,0.691153161953081,3.914021008090819,4.270695952029551,3.7316994512968646,4.270695952029551,4.42484663185681,5.117993812416755,4.270695952029551,2.60568818844064,3.8187108282864943,0.691153161953081,4.019381523748645,4.270695952029551,5.117993812416755,4.607168188650764,4.270695952029551,0.6792718340663283,0.691153161953081,3.8187108282864943,0.691153161953081,4.137164559405029,3.7316994512968646,4.270695952029551])",0.0
R121,simple quite member nice learn fight begin. ready brother hard create. experts discuss ongoing developments research.,"(10000,[291,2526,2913,3370,3614,4506,4687,5125,5967,6056,6557,6790,6808,7066,7274,9462],[3.7316994512968646,3.6516567436233283,3.914021008090819,4.019381523748645,0.6871770135734415,0.691153161953081,0.6832166123573445,4.019381523748645,4.830311739964974,3.914021008090819,3.914021008090819,3.7316994512968646,4.830311739964974,2.8154087194227095,5.117993812416755,0.691153161953081])",1.0
F210,manage campaign arm meet control natural. treat ok man plant. — shocking claims aliens surface internet.,"(10000,[503,650,1208,2569,2645,3984,4237,5850,6675,7178,7281,7883,7936,8338,8750,9940],[0.691153161953081,2.958509563063383,2.8844015909096608,4.019381523748645,4.42484663185681,4.137164559405029,5.523458920524919,0.691153161953081,4.270695952029551,5.117993812416755,0.6792718340663283,3.914021008090819,0.691153161953081,0.691153161953081,4.830311739964974,3.7316994512968646])",0.0
F151,another son hold. modern style building girl. — shocking claims hoax surface internet.,"(10000,[23,209,503,2336,4377,5850,5852,7281,7370,7936,8000,8166,8338],[5.117993812416755,4.019381523748645,0.691153161953081,3.7316994512968646,2.60568818844064,0.691153161953081,4.42484663185681,0.6792718340663283,4.830311739964974,0.691153161953081,4.137164559405029,4.270695952029551,0.691153161953081])",0.0
F099,yeah unit read program more. appear magazine white pay rich civil. — shocking claims secret cure surface internet.,"(10000,[416,503,573,3249,3892,4464,4897,5843,5850,6212,6335,6747,7281,7650,7936,8182,8338,8413],[5.523458920524919,0.691153161953081,4.607168188650764,3.2721671219184243,2.5530444549552183,5.523458920524919,4.42484663185681,4.42484663185681,0.691153161953081,4.607168188650764,3.7316994512968646,2.5530444549552183,0.6792718340663283,4.607168188650764,0.691153161953081,3.8187108282864943,0.691153161953081,3.6516567436233283])",0.0
R090,research quite first purpose. process sort brother never morning lose under. current southern expect. experts discuss ongoing developments technology breakthrough.,"(10000,[281,291,1020,2227,3160,3614,3743,4422,4506,4687,5720,6056,6403,8040,8219,8734,9189,9432,9462,9782],[3.8187108282864943,3.7316994512968646,2.6330871626287546,2.7200985396183848,4.270695952029551,0.6871770135734415,4.270695952029551,4.607168188650764,0.691153161953081,0.6832166123573445,4.42484663185681,3.914021008090819,4.137164559405029,3.914021008090819,5.523458920524919,5.117993812416755,4.019381523748645,3.7316994512968646,0.691153161953081,5.117993812416755])",1.0
R125,send rich happy task. must new region check offer option leg. understand speak wrong west. give season seek remember. experts discuss ongoing developments budget report.,"(10000,[171,585,1023,1238,2358,2958,3614,3783,3901,4506,4687,4732,4991,5347,5432,5523,5849,5987,6212,6487,6512,7034,8159,9462,9613],[3.7316994512968646,4.270695952029551,4.270695952029551,4.830311739964974,4.607168188650764,3.914021008090819,0.6871770135734415,4.607168188650764,4.607168188650764,0.691153161953081,0.6832166123573445,3.914021008090819,2.6330871626287546,4.019381523748645,2.661258039595451,4.270695952029551,5.117993812416755,5.523458920524919,4.607168188650764,3.4440173788450834,4.270695952029551,5.117993812416755,3.914021008090819,0.691153161953081,3.914021008090819])",1.0
R091,pattern morning guy environment. authority change play together condition. seek drive ago society carry affect star. experts discuss ongoing developments climate change.,"(10000,[94,171,327,387,454,617,821,1176,1896,2059,2173,3160,3614,4506,4687,5089,6055,6097,6325,7723,8312,9462],[4.42484663185681,3.7316994512968646,5.117993812416755,4.019381523748645,3.7316994512968646,4.019381523748645,2.849310271098391,4.137164559405029,3.914021008090819,2.7508701982851385,4.137164559405029,4.270695952029551,0.6871770135734415,0.691153161953081,0.6832166123573445,3.5085558999826545,4.270695952029551,4.42484663185681,4.019381523748645,5.117993812416755,4.42484663185681,0.691153161953081])",1.0
R157,task even language name quickly. short thus find tonight agency conference. experts discuss ongoing developments climate change.,"(10000,[15,765,821,1262,1716,1898,2059,3389,3614,3818,4506,4687,5684,6406,7510,8451,9462],[4.019381523748645,4.42484663185681,2.849310271098391,4.137164559405029,3.8187108282864943,4.830311739964974,2.7508701982851385,4.830311739964974,0.6871770135734415,4.830311739964974,0.691153161953081,0.6832166123573445,4.019381523748645,3.914021008090819,4.137164559405029,4.019381523748645,0.691153161953081])",1.0
F098,generation goal teacher charge field around. hear item attention political friend system common. model understand share right peace voice. window hold staff least. — shocking claims miracle drug surface internet.,"(10000,[217,488,503,1256,1790,1916,2389,2403,3144,3163,3744,3935,3947,3996,4842,5089,5850,6224,6257,6487,6697,6812,6963,7074,7102,7281,7860,7936,8338,8708],[4.019381523748645,4.830311739964974,0.691153161953081,3.125563647726549,4.019381523748645,4.607168188650764,4.42484663185681,3.8187108282864943,3.7316994512968646,5.117993812416755,5.523458920524919,4.270695952029551,4.137164559405029,3.8187108282864943,4.42484663185681,3.5085558999826545,0.691153161953081,4.137164559405029,5.523458920524919,3.4440173788450834,3.4440173788450834,4.830311739964974,4.019381523748645,3.2208738275308737,4.270695952029551,0.6792718340663283,2.958509563063383,0.691153161953081,0.691153161953081,3.8187108282864943])",0.0
F164,use relationship interesting region possible day personal. year condition oil democratic. — shocking claims immortal jellyfish surface internet.,"(10000,[503,2066,3634,4214,4260,4404,5133,5328,5850,6035,6100,7281,7936,8159,8338,8899,9133,9876],[0.691153161953081,2.7508701982851385,4.019381523748645,5.523458920524919,3.7316994512968646,5.523458920524919,5.117993812416755,3.8187108282864943,0.691153161953081,3.5085558999826545,4.137164559405029,0.6792718340663283,0.691153161953081,3.914021008090819,0.691153161953081,4.019381523748645,3.8187108282864943,2.7508701982851385])",0.0
R050,animal require notice five outside benefit foot. sister despite specific within. find worker speech. experts discuss ongoing developments economic growth.,"(10000,[1180,1301,1525,2041,2059,2676,3521,3614,4295,4506,4687,5653,5974,7360,7510,8449,8568,9034,9144,9462],[5.117993812416755,4.270695952029551,4.019381523748645,4.830311739964974,2.7508701982851385,4.607168188650764,4.019381523748645,0.6871770135734415,4.607168188650764,0.691153161953081,0.6832166123573445,4.607168188650764,3.4440173788450834,3.8187108282864943,4.137164559405029,4.019381523748645,3.914021008090819,2.920769235080536,2.7200985396183848,0.691153161953081])",1.0
R249,finish effect boy inside follow mind. easy return attention wear participant out. baby blood better baby say. experts discuss ongoing developments climate change.,"(10000,[157,635,760,821,1348,2059,2359,2543,3144,3614,4506,4687,5396,5739,5778,6324,6578,6581,6764,9066,9367,9462],[3.2721671219184243,4.270695952029551,4.137164559405029,2.849310271098391,8.274329118810059,2.7508701982851385,4.019381523748645,3.577548771469606,3.7316994512968646,0.6871770135734415,0.691153161953081,0.6832166123573445,3.914021008090819,5.523458920524919,5.523458920524919,4.607168188650764,4.137164559405029,4.607168188650764,5.117993812416755,3.577548771469606,4.019381523748645,0.691153161953081])",1.0
R093,organization commercial street bed. plant oil until. human hotel face her. experts discuss ongoing developments election.,"(10000,[1364,2663,3556,3614,3684,4034,4430,4506,4687,6035,6443,7244,7748,8303,9166,9462],[4.270695952029551,4.019381523748645,2.7826188965997183,0.6871770135734415,4.137164559405029,4.270695952029551,5.117993812416755,0.691153161953081,0.6832166123573445,3.5085558999826545,3.577548771469606,3.7316994512968646,5.117993812416755,4.270695952029551,4.830311739964974,0.691153161953081])",1.0
R131,dog name significant. ask ever everything unit score collection language. health research majority serious consumer. experts discuss ongoing developments education.,"(10000,[15,1117,1927,2126,3507,3614,4506,4687,5047,5094,5594,6335,8209,8805,9156,9244,9432,9462,9564,9998],[4.019381523748645,3.8187108282864943,4.270695952029551,4.607168188650764,4.830311739964974,0.6871770135734415,0.691153161953081,0.6832166123573445,2.6902455764687034,5.117993812416755,3.914021008090819,3.7316994512968646,4.137164559405029,4.270695952029551,3.914021008090819,4.019381523748645,3.7316994512968646,0.691153161953081,4.830311739964974,4.830311739964974])",1.0
F107,really month world alone security. much family miss always even finish however. — shocking claims flat earth surface internet.,"(10000,[503,524,1071,2492,2918,4112,5741,5850,6406,6578,7281,7936,8297,8338,8423,9011,9261,9360,9676],[0.691153161953081,3.577548771469606,4.137164559405029,3.7316994512968646,3.0385522707369192,4.137164559405029,4.830311739964974,0.691153161953081,3.914021008090819,4.137164559405029,0.6792718340663283,0.691153161953081,3.914021008090819,0.691153161953081,4.607168188650764,4.270695952029551,5.117993812416755,4.019381523748645,3.0385522707369192])",0.0
F153,mr mouth strategy article development. yes condition miss concern able. glass body game live perhaps. — shocking claims hoax surface internet.,"(10000,[493,503,841,913,1071,1702,1968,2291,2647,4377,5044,5328,5441,5850,6932,7281,7497,7936,8338,8730,8975],[4.019381523748645,0.691153161953081,3.914021008090819,4.830311739964974,4.137164559405029,3.914021008090819,3.8187108282864943,4.270695952029551,4.137164559405029,2.60568818844064,3.8187108282864943,3.8187108282864943,5.523458920524919,0.691153161953081,4.830311739964974,0.6792718340663283,4.830311739964974,0.691153161953081,0.691153161953081,5.117993812416755,4.42484663185681])",0.0
F091,certainly else choice hear. structure cup opportunity everything worker. clearly hair word police. cold hot source positive art. — shocking claims flat earth surface internet.,"(10000,[1,286,503,673,2918,2996,3059,3519,3920,4043,4391,5034,5371,5850,6053,6976,7281,7664,7721,7936,8238,8338,9156,9676,9693],[4.137164559405029,5.523458920524919,0.691153161953081,4.42484663185681,3.0385522707369192,4.137164559405029,4.270695952029551,4.137164559405029,4.270695952029551,4.270695952029551,4.270695952029551,4.830311739964974,5.523458920524919,0.691153161953081,3.3262343431887,3.8187108282864943,0.6792718340663283,4.607168188650764,3.7316994512968646,0.691153161953081,4.019381523748645,0.691153161953081,3.914021008090819,3.0385522707369192,5.523458920524919])",0.0
R246,trade common deal fight world window throughout. clearly military middle. strategy floor young. arrive well sea training political. experts discuss ongoing developments economic growth.,"(10000,[157,419,1433,2291,2403,2526,2603,2622,3614,4319,4506,4687,5252,5877,6069,6332,7391,7538,8238,9034,9144,9360,9462,9617],[3.2721671219184243,4.137164559405029,4.137164559405029,4.270695952029551,3.8187108282864943,3.6516567436233283,5.523458920524919,5.523458920524919,0.6871770135734415,3.914021008090819,0.691153161953081,0.6832166123573445,5.523458920524919,5.117993812416755,3.7316994512968646,3.914021008090819,4.607168188650764,3.914021008090819,4.019381523748645,2.920769235080536,2.7200985396183848,4.019381523748645,0.691153161953081,4.019381523748645])",1.0
F004,medical senior hour. — shocking claims secret cure surface internet.,"(10000,[503,3892,4144,5850,6747,7281,7825,7936,8268,8338],[0.691153161953081,2.5530444549552183,4.019381523748645,0.691153161953081,2.5530444549552183,0.6792718340663283,5.117993812416755,0.691153161953081,3.577548771469606,0.691153161953081])",0.0
F220,scene form design. eat force improve subject. yard six. official resource us real fight produce character. — shocking claims celebrity scandal surface internet.,"(10000,[391,424,503,1648,1670,2408,2526,3004,3486,4921,5621,5844,5850,6660,7276,7281,7425,7936,8338,8485,8530,9189,9691],[4.42484663185681,4.270695952029551,0.691153161953081,4.270695952029551,4.137164559405029,3.914021008090819,3.6516567436233283,5.523458920524919,2.849310271098391,2.849310271098391,4.019381523748645,4.137164559405029,0.691153161953081,4.42484663185681,4.830311739964974,0.6792718340663283,4.830311739964974,0.691153161953081,0.691153161953081,4.270695952029551,5.523458920524919,4.019381523748645,4.137164559405029])",0.0
F121,catch economy recently defense visit maybe. really republican billion record. reality successful mrs fine. — shocking claims hoax surface internet.,"(10000,[217,258,292,503,680,698,924,2034,2875,3543,4112,4377,4616,5659,5850,7281,7936,7949,8338,9751],[4.019381523748645,4.270695952029551,5.117993812416755,0.691153161953081,4.019381523748645,4.137164559405029,5.117993812416755,4.830311739964974,5.523458920524919,3.577548771469606,4.137164559405029,2.60568818844064,4.137164559405029,4.270695952029551,0.691153161953081,0.6792718340663283,0.691153161953081,4.019381523748645,0.691153161953081,4.137164559405029])",0.0
F245,soldier long rock speak seem. affect risk name nature. point performance front deep reason than. — shocking claims mind control surface internet.,"(10000,[15,503,504,574,1208,1762,1822,2944,3184,4141,4416,4502,4732,5850,6055,7281,7936,8338,8346,8794,8904,9351],[4.019381523748645,0.691153161953081,4.607168188650764,4.607168188650764,2.8844015909096608,3.6516567436233283,4.830311739964974,3.7316994512968646,2.8154087194227095,4.137164559405029,3.7316994512968646,5.117993812416755,3.914021008090819,0.691153161953081,4.270695952029551,0.6792718340663283,0.691153161953081,0.691153161953081,4.830311739964974,4.607168188650764,4.270695952029551,4.270695952029551])",0.0
R035,big seven east soldier. contain decision away ability half. office chair artist senior reduce policy. experts discuss ongoing developments climate change.,"(10000,[681,821,939,2059,2193,3048,3614,3681,3737,4062,4144,4506,4687,6576,6944,7493,7850,8159,8344,8931,9462],[4.270695952029551,2.849310271098391,5.523458920524919,2.7508701982851385,4.270695952029551,4.137164559405029,0.6871770135734415,4.830311739964974,4.607168188650764,5.523458920524919,4.019381523748645,0.691153161953081,0.6832166123573445,3.914021008090819,2.7826188965997183,4.019381523748645,4.42484663185681,3.914021008090819,4.137164559405029,3.914021008090819,0.691153161953081])",1.0
R024,produce result according future mother. price inside clearly war. man study product understand. experts discuss ongoing developments education.,"(10000,[399,447,1648,1738,2569,3614,4224,4506,4687,5047,6488,6749,7177,7564,8238,8413,9066,9462],[4.42484663185681,3.914021008090819,4.270695952029551,4.42484663185681,4.019381523748645,0.6871770135734415,4.270695952029551,0.691153161953081,0.6832166123573445,2.6902455764687034,4.270695952029551,4.830311739964974,4.607168188650764,4.019381523748645,4.019381523748645,3.6516567436233283,3.577548771469606,0.691153161953081])",1.0
F079,admit sit perform language night behind involve. establish offer partner live. professor tend recent far tonight simply. — shocking claims miracle drug surface internet.,"(10000,[116,503,816,1098,1256,1716,1810,2543,2923,2929,2958,3389,4158,4346,5591,5850,6869,6946,7108,7281,7860,7936,8338,8714],[4.137164559405029,0.691153161953081,5.117993812416755,3.914021008090819,3.125563647726549,3.8187108282864943,4.830311739964974,3.577548771469606,4.270695952029551,5.117993812416755,3.914021008090819,4.830311739964974,4.830311739964974,3.7316994512968646,4.270695952029551,0.691153161953081,4.270695952029551,4.019381523748645,4.830311739964974,0.6792718340663283,2.958509563063383,0.691153161953081,0.691153161953081,4.270695952029551])",0.0
R094,left lot wish decide minute indicate green. movie place. experts discuss ongoing developments policy.,"(10000,[495,1439,1662,3357,3614,4131,4506,4687,4943,6485,6944,7016,8293,9462],[4.42484663185681,4.270695952029551,4.137164559405029,4.137164559405029,0.6871770135734415,5.117993812416755,0.691153161953081,0.6832166123573445,4.019381523748645,4.607168188650764,2.7826188965997183,4.607168188650764,4.270695952029551,0.691153161953081])",1.0
R040,phone whole national interest car. experts discuss ongoing developments policy.,"(10000,[70,627,1626,3614,4506,4687,6944,7910,8290,9462],[3.914021008090819,4.830311739964974,4.42484663185681,0.6871770135734415,0.691153161953081,0.6832166123573445,2.7826188965997183,4.270695952029551,4.830311739964974,0.691153161953081])",1.0
F170,mission live hope size none. marriage west recent quality. hard somebody ahead. board civil well whose suffer much. — shocking claims immortal jellyfish surface internet.,"(10000,[157,493,503,593,2066,2589,3089,3192,5085,5125,5591,5760,5850,6000,6069,6135,6229,7281,7454,7634,7936,8338,9539,9663,9876],[3.2721671219184243,4.019381523748645,0.691153161953081,4.270695952029551,2.7508701982851385,3.914021008090819,4.42484663185681,3.8187108282864943,3.5085558999826545,4.019381523748645,4.270695952029551,4.830311739964974,0.691153161953081,4.42484663185681,3.7316994512968646,4.019381523748645,3.7316994512968646,0.6792718340663283,4.270695952029551,5.117993812416755,0.691153161953081,0.691153161953081,3.7316994512968646,5.523458920524919,2.7508701982851385])",0.0
F130,air pick nearly seek according population. yeah keep line everybody fund create. describe single whose reflect blue quickly. — shocking claims immortal jellyfish surface internet.,"(10000,[88,171,503,1182,2066,2561,2866,3249,3818,4638,5321,5768,5850,6599,6808,7085,7281,7372,7564,7889,7936,8338,9539,9594,9876],[5.117993812416755,3.7316994512968646,0.691153161953081,4.270695952029551,2.7508701982851385,4.830311739964974,4.830311739964974,3.2721671219184243,4.830311739964974,4.42484663185681,4.607168188650764,4.270695952029551,0.691153161953081,4.830311739964974,4.830311739964974,4.137164559405029,0.6792718340663283,4.270695952029551,4.019381523748645,4.270695952029551,0.691153161953081,0.691153161953081,3.7316994512968646,4.42484663185681,2.7508701982851385])",0.0
R085,rule like report people yes. remember maybe suffer address difference citizen. state edge civil difference. southern body thus. experts discuss ongoing developments economic growth.,"(10000,[343,593,841,1808,2174,2601,2849,3330,3614,3743,3921,4263,4454,4506,4687,4818,5685,6135,6505,7866,8915,9034,9144,9462],[4.137164559405029,4.270695952029551,3.914021008090819,3.914021008090819,5.117993812416755,5.523458920524919,5.523458920524919,4.019381523748645,0.6871770135734415,4.270695952029551,4.270695952029551,4.137164559405029,4.42484663185681,0.691153161953081,0.6832166123573445,4.270695952029551,3.577548771469606,4.019381523748645,4.270695952029551,4.42484663185681,5.117993812416755,2.920769235080536,2.7200985396183848,0.691153161953081])",1.0
R054,building appear sign. gun notice one drop. suddenly yeah media work house step often. experts discuss ongoing developments budget report.,"(10000,[815,1209,1525,1558,3249,3614,4506,4687,4991,5432,5836,5852,8182,8313,8581,8757,8852,9414,9462,9527],[5.117993812416755,4.270695952029551,4.019381523748645,4.42484663185681,3.2721671219184243,0.6871770135734415,0.691153161953081,0.6832166123573445,2.6330871626287546,2.661258039595451,4.42484663185681,4.42484663185681,3.8187108282864943,4.137164559405029,4.607168188650764,5.523458920524919,5.523458920524919,5.117993812416755,0.691153161953081,4.270695952029551])",1.0
R047,piece agree forward. peace maintain agency. garden remember success design hit throw develop. position summer north practice seven. experts discuss ongoing developments technology breakthrough.,"(10000,[1020,1051,1339,1778,1886,2227,3133,3614,3922,4280,4506,4687,5063,5247,5685,5936,6697,6925,8252,8325,8945,9462,9481,9828],[2.6330871626287546,4.607168188650764,4.019381523748645,4.019381523748645,5.117993812416755,2.7200985396183848,4.137164559405029,0.6871770135734415,3.577548771469606,4.42484663185681,0.691153161953081,0.6832166123573445,5.117993812416755,4.270695952029551,3.577548771469606,4.137164559405029,3.4440173788450834,4.830311739964974,3.914021008090819,4.137164559405029,5.523458920524919,0.691153161953081,4.607168188650764,4.830311739964974])",1.0
R199,sea world author politics. plant never knowledge. list even card stand. experts discuss ongoing developments economic growth.,"(10000,[211,281,2144,3614,4506,4687,6090,6406,6805,7244,8728,9034,9144,9350,9360,9462,9617],[5.117993812416755,3.8187108282864943,4.607168188650764,0.6871770135734415,0.691153161953081,0.6832166123573445,4.830311739964974,3.914021008090819,5.117993812416755,3.7316994512968646,3.2208738275308737,2.920769235080536,2.7200985396183848,4.830311739964974,4.019381523748645,0.691153161953081,4.019381523748645])",1.0
F062,school art knowledge low. article include prevent become song. well project born right child. — shocking claims miracle drug surface internet.,"(10000,[157,503,1256,1655,1702,1790,2230,2679,2953,3252,5850,6934,7090,7281,7854,7860,7864,7936,8338,8546,9545],[3.2721671219184243,0.691153161953081,3.125563647726549,4.607168188650764,3.914021008090819,4.019381523748645,3.8187108282864943,4.137164559405029,4.270695952029551,5.117993812416755,0.691153161953081,5.117993812416755,4.270695952029551,0.6792718340663283,3.8187108282864943,2.958509563063383,4.019381523748645,0.691153161953081,0.691153161953081,5.117993812416755,4.137164559405029])",0.0
R244,report benefit million include stop art. reach identify break development too. experts discuss ongoing developments technology breakthrough.,"(10000,[668,796,1020,2227,2871,2953,3614,3967,4043,4506,4687,5653,6505,8386,8651,9462,9873],[4.270695952029551,3.7316994512968646,2.6330871626287546,2.7200985396183848,3.914021008090819,4.270695952029551,0.6871770135734415,4.830311739964974,4.270695952029551,0.691153161953081,0.6832166123573445,4.607168188650764,4.270695952029551,4.830311739964974,4.137164559405029,0.691153161953081,4.607168188650764])",1.0
R107,yet serve focus city including public early. paper thus call decide everything either discuss management. factor class less goal easy. experts discuss ongoing developments election.,"(10000,[1195,1725,1770,1815,3556,3614,3753,3931,4007,4037,4175,4506,4687,5089,5146,5495,5684,7334,8293,8690,9126,9156,9462,9561],[3.914021008090819,4.270695952029551,2.920769235080536,5.523458920524919,2.7826188965997183,1.374354027146883,5.117993812416755,3.5085558999826545,4.019381523748645,4.137164559405029,5.523458920524919,0.691153161953081,0.6832166123573445,3.5085558999826545,3.914021008090819,4.270695952029551,4.019381523748645,3.914021008090819,4.270695952029551,4.42484663185681,4.137164559405029,3.914021008090819,0.691153161953081,4.137164559405029])",1.0
F148,design consumer notice girl. — shocking claims aliens surface internet.,"(10000,[503,650,1525,3922,5850,7281,7370,7936,8338,9475],[0.691153161953081,2.958509563063383,4.019381523748645,3.577548771469606,0.691153161953081,0.6792718340663283,4.830311739964974,0.691153161953081,0.691153161953081,5.117993812416755])",0.0
F023,building gun study. student serious eye year. church take street. — shocking claims mind control surface internet.,"(10000,[503,855,1117,1208,1273,1341,3184,3536,5850,5852,7281,7517,7936,8313,8338,8625,9372],[0.691153161953081,3.8187108282864943,3.8187108282864943,2.8844015909096608,3.6516567436233283,4.830311739964974,2.8154087194227095,3.914021008090819,0.691153161953081,4.42484663185681,0.6792718340663283,5.523458920524919,0.691153161953081,4.137164559405029,0.691153161953081,5.523458920524919,4.607168188650764])",0.0
R075,wonder trip human. brother star cover present under. experts discuss ongoing developments budget report.,"(10000,[291,3614,4506,4687,4723,4991,5170,5432,5782,6104,8130,8391,9462,9782],[3.7316994512968646,0.6871770135734415,0.691153161953081,0.6832166123573445,4.42484663185681,2.6330871626287546,4.019381523748645,2.661258039595451,4.607168188650764,4.137164559405029,4.137164559405029,4.42484663185681,0.691153161953081,5.117993812416755])",1.0
R220,attorney candidate upon common education. experts discuss ongoing developments public health.,"(10000,[1770,3614,4358,4506,4687,4853,5047,6219,6332,6735,9462],[2.920769235080536,0.6871770135734415,4.607168188650764,0.691153161953081,0.6832166123573445,4.607168188650764,2.6902455764687034,3.0811118851557153,3.914021008090819,4.607168188650764,0.691153161953081])",1.0
R099,assume part sure. avoid war than. network debate court necessary stop. experts discuss ongoing developments economic growth.,"(10000,[1173,1388,1822,2664,3614,4506,4568,4687,6917,7979,8276,8719,8740,9034,9144,9152,9462],[5.523458920524919,3.8187108282864943,4.830311739964974,3.7316994512968646,0.6871770135734415,0.691153161953081,4.607168188650764,0.6832166123573445,5.523458920524919,4.607168188650764,4.607168188650764,4.830311739964974,4.137164559405029,2.920769235080536,2.7200985396183848,3.914021008090819,0.691153161953081])",1.0
F066,policy senior shoulder operation. — shocking claims flat earth surface internet.,"(10000,[503,2918,4142,4144,5850,5887,6756,7281,7936,8338,9676],[0.691153161953081,3.0385522707369192,4.830311739964974,4.019381523748645,0.691153161953081,4.607168188650764,4.137164559405029,0.6792718340663283,0.691153161953081,0.691153161953081,3.0385522707369192])",0.0
F060,test quite wind likely past single. member across training apply. coach another chair although scientist. — shocking claims flat earth surface internet.,"(10000,[309,503,681,1392,2558,2918,3489,3514,5850,6056,6586,6790,7074,7281,7538,7779,7936,8166,8338,9166,9275,9676],[4.270695952029551,0.691153161953081,4.270695952029551,5.117993812416755,4.270695952029551,3.0385522707369192,4.830311739964974,4.270695952029551,0.691153161953081,3.914021008090819,4.137164559405029,3.7316994512968646,3.2208738275308737,0.6792718340663283,3.914021008090819,4.019381523748645,0.691153161953081,4.270695952029551,0.691153161953081,4.830311739964974,4.42484663185681,3.0385522707369192])",0.0
F022,prove despite cut three adult edge go. — shocking claims government cover-up surface internet.,"(10000,[72,503,1206,1301,2259,3921,4702,5214,5850,5925,7281,7936,8338,9813],[4.019381523748645,0.691153161953081,4.830311739964974,4.270695952029551,2.920769235080536,4.270695952029551,4.270695952029551,4.019381523748645,0.691153161953081,4.42484663185681,0.6792718340663283,0.691153161953081,0.691153161953081,2.997730276216664])",0.0
F127,almost international artist less. son others western within me. — shocking claims mind control surface internet.,"(10000,[188,209,359,503,524,1208,3184,5177,5850,6940,7281,7936,8338,8566,8931,9817],[3.914021008090819,4.019381523748645,5.117993812416755,0.691153161953081,3.577548771469606,2.8844015909096608,2.8154087194227095,4.830311739964974,0.691153161953081,3.7316994512968646,0.6792718340663283,0.691153161953081,0.691153161953081,4.830311739964974,3.914021008090819,3.7316994512968646])",0.0
R212,west like easy size nature million. experts discuss ongoing developments education.,"(10000,[760,3192,3330,3611,3614,4506,4687,5047,5085,7724,9462],[4.137164559405029,3.8187108282864943,4.019381523748645,4.830311739964974,0.6871770135734415,0.691153161953081,0.6832166123573445,2.6902455764687034,3.5085558999826545,4.830311739964974,0.691153161953081])",1.0
F119,voice assume oil. method affect voice responsibility american. even teach newspaper already health environment bill strategy. — shocking claims mind control surface internet.,"(10000,[503,594,1208,1990,2407,2664,3184,3238,3502,3530,5511,5850,6015,6055,6406,7281,7516,7936,8135,8338,8522,8805],[0.691153161953081,4.137164559405029,2.8844015909096608,5.117993812416755,3.914021008090819,3.7316994512968646,2.8154087194227095,4.830311739964974,4.42484663185681,8.541391904059102,5.523458920524919,0.691153161953081,4.137164559405029,4.270695952029551,3.914021008090819,0.6792718340663283,4.830311739964974,0.691153161953081,3.914021008090819,0.691153161953081,4.270695952029551,4.270695952029551])",0.0
F103,station peace beautiful. authority forget gas indicate successful. — shocking claims hoax surface internet.,"(10000,[503,870,1176,3984,4377,5607,5850,6485,6697,7146,7281,7936,8338,8415],[0.691153161953081,5.117993812416755,4.137164559405029,4.137164559405029,2.60568818844064,4.270695952029551,0.691153161953081,4.607168188650764,3.4440173788450834,3.914021008090819,0.6792718340663283,0.691153161953081,0.691153161953081,4.607168188650764])",0.0
F191,employee center skin of. life night exist per. attention talk list bit property seven cup grow. — shocking claims mind control surface internet.,"(10000,[503,1208,1236,1480,1989,2733,2759,3059,3144,3184,3477,5833,5850,6548,6602,6869,7281,7850,7936,8094,8338,8728,8925],[0.691153161953081,2.8844015909096608,4.607168188650764,4.137164559405029,4.270695952029551,4.137164559405029,5.117993812416755,4.270695952029551,3.7316994512968646,2.8154087194227095,4.607168188650764,4.607168188650764,0.691153161953081,4.607168188650764,4.270695952029551,4.270695952029551,0.6792718340663283,4.42484663185681,0.691153161953081,4.830311739964974,0.691153161953081,3.2208738275308737,4.42484663185681])",0.0
F002,news laugh above. conference fight. head record entire beyond particular might. — shocking claims mind control surface internet.,"(10000,[503,1064,1208,2406,2433,3184,4347,4687,5657,5850,6729,7098,7281,7936,8338,8824,8900,8984],[0.691153161953081,4.830311739964974,2.8844015909096608,5.117993812416755,4.019381523748645,2.8154087194227095,4.42484663185681,0.6832166123573445,4.42484663185681,0.691153161953081,5.523458920524919,3.383392757028649,0.6792718340663283,0.691153161953081,0.691153161953081,4.607168188650764,4.42484663185681,4.137164559405029])",0.0
R155,hit choice culture power option. experts discuss ongoing developments election.,"(10000,[3056,3556,3614,4506,4687,6053,8252,8569,8645,9462],[4.42484663185681,2.7826188965997183,0.6871770135734415,0.691153161953081,0.6832166123573445,3.3262343431887,3.914021008090819,4.830311739964974,4.42484663185681,0.691153161953081])",1.0
R006,fill forward sometimes lot billion. wonder role clear we. bad choice father able thought together. experts discuss ongoing developments technology breakthrough.,"(10000,[55,629,1020,1611,1800,2227,2412,3225,3350,3496,3614,4506,4687,4723,4943,5869,6053,7956,8411,9462,9727],[4.607168188650764,4.607168188650764,2.6330871626287546,4.270695952029551,4.830311739964974,2.7200985396183848,4.607168188650764,5.523458920524919,5.523458920524919,4.019381523748645,0.6871770135734415,0.691153161953081,0.6832166123573445,4.42484663185681,4.019381523748645,4.607168188650764,3.3262343431887,4.607168188650764,3.6516567436233283,0.691153161953081,4.019381523748645])",1.0
F086,effort special call information fire. strong common especially expert international talk. history exactly according music southern city so. — shocking claims government cover-up surface internet.,"(10000,[188,503,914,1055,1783,2096,2259,3743,3809,5146,5495,5726,5850,5854,6332,6355,6370,6543,7281,7564,7936,8173,8190,8338,9813],[3.914021008090819,0.691153161953081,3.914021008090819,4.607168188650764,4.270695952029551,4.42484663185681,2.920769235080536,4.270695952029551,5.523458920524919,3.914021008090819,4.270695952029551,4.42484663185681,0.691153161953081,5.523458920524919,3.914021008090819,4.42484663185681,4.607168188650764,5.523458920524919,0.6792718340663283,4.019381523748645,0.691153161953081,3.8187108282864943,3.914021008090819,0.691153161953081,2.997730276216664])",0.0
R168,material fact health result. human way probably heart term billion attorney. option chair still eye item middle. experts discuss ongoing developments election.,"(10000,[258,681,1341,1916,2188,2297,3231,3556,3614,3712,4102,4506,4687,6069,7215,7670,8303,8805,9391,9462,9613,9808],[4.270695952029551,4.270695952029551,4.830311739964974,4.607168188650764,4.607168188650764,4.607168188650764,4.42484663185681,2.7826188965997183,0.6871770135734415,4.42484663185681,5.523458920524919,0.691153161953081,0.6832166123573445,3.7316994512968646,4.42484663185681,5.117993812416755,4.270695952029551,4.270695952029551,4.42484663185681,0.691153161953081,3.914021008090819,3.7316994512968646])",1.0
R077,board particularly food first. bank general company bed answer improve. bill today owner guess likely every. experts discuss ongoing developments public health.,"(10000,[309,942,1770,3614,3619,3756,4506,4687,5465,5564,6053,6219,6443,7454,8135,8653,8660,8982,8997,9462,9497,9806],[4.270695952029551,3.914021008090819,2.920769235080536,0.6871770135734415,4.42484663185681,4.830311739964974,0.691153161953081,0.6832166123573445,4.42484663185681,4.270695952029551,3.3262343431887,3.0811118851557153,3.577548771469606,4.270695952029551,3.914021008090819,4.830311739964974,4.607168188650764,4.830311739964974,4.137164559405029,0.691153161953081,3.914021008090819,4.019381523748645])",1.0
F209,something game detail southern page maybe baby. meeting second star life. — shocking claims hoax surface internet.,"(10000,[20,503,1143,2827,3743,4377,4818,5170,5535,5850,7281,7936,8338,8975,9256,9367,9826],[4.270695952029551,0.691153161953081,3.8187108282864943,4.137164559405029,4.270695952029551,2.60568818844064,4.270695952029551,4.019381523748645,5.117993812416755,0.691153161953081,0.6792718340663283,0.691153161953081,0.691153161953081,4.42484663185681,4.607168188650764,4.019381523748645,4.270695952029551])",0.0
R236,chance knowledge name enter mrs. green share song three act. experts discuss ongoing developments public health.,"(10000,[15,346,551,641,1770,2141,3614,3947,4506,4687,5925,6219,7350,7435,7864,9462],[4.019381523748645,4.607168188650764,4.42484663185681,5.117993812416755,2.920769235080536,5.117993812416755,0.6871770135734415,4.137164559405029,0.691153161953081,0.6832166123573445,4.42484663185681,3.0811118851557153,3.914021008090819,4.42484663185681,4.019381523748645,0.691153161953081])",1.0
F186,visit maintain bill discussion page. design class another spend. — shocking claims aliens surface internet.,"(10000,[503,650,698,3813,3922,4007,4516,5247,5315,5850,7281,7936,8135,8166,8338],[0.691153161953081,2.958509563063383,4.137164559405029,5.117993812416755,3.577548771469606,4.019381523748645,4.830311739964974,4.270695952029551,5.523458920524919,0.691153161953081,0.6792718340663283,0.691153161953081,3.914021008090819,4.270695952029551,0.691153161953081])",0.0
R243,debate ready top generation. big rise police. experts discuss ongoing developments public health.,"(10000,[1770,3048,3614,4391,4506,4687,4695,4816,5328,6219,6557,8276,9462],[2.920769235080536,4.137164559405029,0.6871770135734415,4.270695952029551,0.691153161953081,0.6832166123573445,4.830311739964974,4.019381523748645,3.8187108282864943,3.0811118851557153,3.914021008090819,4.607168188650764,0.691153161953081])",1.0
F094,enter trouble lose drive. method start really leave increase let. usually fill network day budget herself. — shocking claims immortal jellyfish surface internet.,"(10000,[503,2066,2238,2909,2913,2990,2996,3564,4112,4422,4991,5850,6015,7281,7435,7936,7963,8338,9133,9152,9391,9727,9876],[0.691153161953081,2.7508701982851385,5.117993812416755,4.137164559405029,3.914021008090819,4.270695952029551,4.137164559405029,5.523458920524919,4.137164559405029,4.607168188650764,2.6330871626287546,0.691153161953081,4.137164559405029,0.6792718340663283,4.42484663185681,0.691153161953081,4.42484663185681,0.691153161953081,3.8187108282864943,3.914021008090819,4.42484663185681,4.019381523748645,2.7508701982851385])",0.0
R032,might cost street weight yes coach catch. stay whatever sea remember. experts discuss ongoing developments economic growth.,"(10000,[433,3514,3614,3684,3924,4490,4506,4687,5044,5849,6426,7695,8004,9034,9144,9462,9617],[4.42484663185681,4.270695952029551,0.6871770135734415,4.137164559405029,4.607168188650764,4.019381523748645,0.691153161953081,0.6832166123573445,3.8187108282864943,5.117993812416755,5.117993812416755,4.830311739964974,3.914021008090819,2.920769235080536,2.7200985396183848,0.691153161953081,4.019381523748645])",1.0
R033,unit collection green think evidence. magazine direction time ever billion. experts discuss ongoing developments education.,"(10000,[551,629,2335,3614,4506,4687,5047,5594,6335,8157,8209,8413,8554,9462,9588],[4.42484663185681,4.607168188650764,3.914021008090819,0.6871770135734415,0.691153161953081,0.6832166123573445,2.6902455764687034,3.914021008090819,3.7316994512968646,3.914021008090819,4.137164559405029,3.6516567436233283,3.7316994512968646,0.691153161953081,5.523458920524919])",1.0
R045,rest couple memory hard. similar like successful yet within laugh market present. particular nothing director growth move site toward. table detail experience authority issue hospital. experts discuss ongoing developments technology breakthrough.,"(10000,[320,934,1020,1143,1176,1853,2117,2227,2657,2708,3330,3614,3635,3816,3931,4037,4292,4506,4531,4687,5659,5891,6282,6616,6941,7046,7098,7702,8984,9462,9817],[3.577548771469606,5.117993812416755,2.6330871626287546,3.8187108282864943,4.137164559405029,4.019381523748645,5.117993812416755,2.7200985396183848,4.42484663185681,3.6516567436233283,4.019381523748645,0.6871770135734415,3.914021008090819,5.117993812416755,3.5085558999826545,4.137164559405029,4.270695952029551,0.691153161953081,5.523458920524919,0.6832166123573445,4.270695952029551,3.7316994512968646,4.137164559405029,4.019381523748645,4.42484663185681,4.137164559405029,3.383392757028649,4.270695952029551,4.137164559405029,0.691153161953081,3.7316994512968646])",1.0
R116,perform day call candidate. impact quickly space suggest director. experts discuss ongoing developments education.,"(10000,[547,1098,1972,3391,3614,4506,4687,5047,5146,7816,8408,9133,9188,9462],[5.117993812416755,3.914021008090819,3.914021008090819,3.914021008090819,0.6871770135734415,0.691153161953081,0.6832166123573445,2.6902455764687034,3.914021008090819,4.830311739964974,4.830311739964974,3.8187108282864943,4.607168188650764,0.691153161953081])",1.0
F056,peace drive difference last animal. growth choice amount detail enough interview sound. — shocking claims celebrity scandal surface internet.,"(10000,[320,503,1143,3486,3989,4748,4921,5401,5850,6035,6053,6325,6697,7222,7281,7721,7866,7936,8338],[3.577548771469606,0.691153161953081,3.8187108282864943,2.849310271098391,4.42484663185681,4.270695952029551,2.849310271098391,4.270695952029551,0.691153161953081,3.5085558999826545,3.3262343431887,4.019381523748645,3.4440173788450834,4.137164559405029,0.6792718340663283,3.7316994512968646,4.42484663185681,0.691153161953081,0.691153161953081])",0.0
R043,student source east magazine blue decision. detail enough foot week. pretty sure call care. experts discuss ongoing developments policy.,"(10000,[1143,1821,2302,3536,3614,3919,4506,4687,4748,5146,5377,5390,5768,6576,6944,7721,7890,8413,9462],[3.8187108282864943,4.42484663185681,4.830311739964974,3.914021008090819,0.6871770135734415,4.270695952029551,0.691153161953081,0.6832166123573445,4.270695952029551,3.914021008090819,5.117993812416755,4.830311739964974,4.270695952029551,3.914021008090819,2.7826188965997183,3.7316994512968646,5.117993812416755,3.6516567436233283,0.691153161953081])",1.0
R145,project yeah student walk item. defense education rate expert per. television laugh land song cover himself. experts discuss ongoing developments economic growth.,"(10000,[253,914,1236,2230,3249,3536,3543,3614,3792,4506,4687,5530,6104,6142,7098,7148,7299,7350,8713,9034,9144,9462],[4.019381523748645,3.914021008090819,4.607168188650764,3.8187108282864943,3.2721671219184243,3.914021008090819,3.577548771469606,0.6871770135734415,4.270695952029551,0.691153161953081,0.6832166123573445,5.117993812416755,4.137164559405029,3.914021008090819,3.383392757028649,3.8187108282864943,5.523458920524919,3.914021008090819,4.137164559405029,2.920769235080536,2.7200985396183848,0.691153161953081])",1.0
F200,guess exactly everybody. teacher wish color home pressure actually. — shocking claims secret cure surface internet.,"(10000,[495,503,2096,2806,3365,3888,3892,5661,5850,6747,7281,7936,8338,8660,8708,9832],[4.42484663185681,0.691153161953081,4.42484663185681,5.117993812416755,4.830311739964974,4.830311739964974,2.5530444549552183,4.42484663185681,0.691153161953081,2.5530444549552183,0.6792718340663283,0.691153161953081,0.691153161953081,4.607168188650764,3.8187108282864943,4.270695952029551])",0.0
F034,decade work choice mr future. speak however. — shocking claims celebrity scandal surface internet.,"(10000,[503,2647,3486,4732,4921,5850,6030,6053,7281,7936,8338,8547,9261,9527],[0.691153161953081,4.137164559405029,2.849310271098391,3.914021008090819,2.849310271098391,0.691153161953081,4.607168188650764,3.3262343431887,0.6792718340663283,0.691153161953081,0.691153161953081,5.117993812416755,5.117993812416755,4.270695952029551])",0.0
F149,treatment tough rate page final claim. development thank process human. land ahead gas form realize lay. — shocking claims secret cure surface internet.,"(10000,[253,503,899,1582,1653,1687,1876,2827,2871,3892,5447,5607,5621,5850,6747,7148,7281,7936,8015,8040,8268,8338,8391],[4.019381523748645,0.691153161953081,5.523458920524919,4.270695952029551,4.137164559405029,4.270695952029551,5.117993812416755,4.137164559405029,3.914021008090819,2.5530444549552183,3.6516567436233283,4.270695952029551,4.019381523748645,0.691153161953081,2.5530444549552183,3.8187108282864943,0.6792718340663283,0.691153161953081,4.830311739964974,3.914021008090819,3.577548771469606,0.691153161953081,4.42484663185681])",0.0
F051,manager suggest build draw off. item month whose effort teach. — shocking claims secret cure surface internet.,"(10000,[503,1652,1916,3014,3892,5459,5726,5741,5850,6747,7281,7816,7936,8167,8338,9078,9539],[0.691153161953081,4.270695952029551,4.607168188650764,4.42484663185681,2.5530444549552183,5.523458920524919,4.42484663185681,4.830311739964974,0.691153161953081,2.5530444549552183,0.6792718340663283,4.830311739964974,0.691153161953081,4.607168188650764,0.691153161953081,5.117993812416755,3.7316994512968646])",0.0
F089,medical appear. oil arm get interest. marriage present trouble activity. — shocking claims flat earth surface internet.,"(10000,[503,1511,1952,2909,2918,3984,5850,6035,6229,7281,7417,7936,8130,8268,8338,9426,9676],[0.691153161953081,5.117993812416755,5.117993812416755,4.137164559405029,3.0385522707369192,4.137164559405029,0.691153161953081,3.5085558999826545,3.7316994512968646,0.6792718340663283,5.117993812416755,0.691153161953081,4.137164559405029,3.577548771469606,0.691153161953081,4.42484663185681,3.0385522707369192])",0.0
F135,today community none suddenly. piece human wind control. attention left ten set. hope real community chair. — shocking claims flat earth surface internet.,"(10000,[503,1584,1662,2041,2558,2918,3133,3144,5085,5767,5850,6000,7281,7726,7936,8174,8303,8338,9676,9691,9806,9831],[0.691153161953081,5.523458920524919,4.137164559405029,4.830311739964974,4.270695952029551,3.0385522707369192,4.137164559405029,3.7316994512968646,3.5085558999826545,5.117993812416755,0.691153161953081,4.42484663185681,0.6792718340663283,5.117993812416755,0.691153161953081,7.828042016181638,4.270695952029551,0.691153161953081,3.0385522707369192,4.137164559405029,4.019381523748645,4.270695952029551])",0.0
F088,issue long exist. people throughout total record ball wife rule. — shocking claims government cover-up surface internet.,"(10000,[503,795,2259,3021,4263,4347,5850,5948,6279,6616,7281,7492,7711,7936,8338,8904,9813],[0.691153161953081,5.117993812416755,2.920769235080536,4.019381523748645,4.137164559405029,4.42484663185681,0.691153161953081,4.270695952029551,4.019381523748645,4.019381523748645,0.6792718340663283,4.137164559405029,4.42484663185681,0.691153161953081,0.691153161953081,4.270695952029551,2.997730276216664])",0.0
R010,form administration drive change. boy exactly yes reality similar. experts discuss ongoing developments election.,"(10000,[157,680,1776,2059,2096,3556,3614,4506,4687,5044,5185,5621,6325,9462],[3.2721671219184243,4.019381523748645,5.117993812416755,2.7508701982851385,4.42484663185681,2.7826188965997183,0.6871770135734415,0.691153161953081,0.6832166123573445,3.8187108282864943,3.4440173788450834,4.019381523748645,4.019381523748645,0.691153161953081])",1.0
R211,imagine staff best senior positive lot discover short. choose put organization school plan national. experts discuss ongoing developments policy.,"(10000,[1,746,763,1364,2679,3614,4144,4170,4506,4687,4943,5301,6123,6224,6944,7682,8871,9462,9706],[4.137164559405029,5.523458920524919,4.607168188650764,4.270695952029551,4.137164559405029,0.6871770135734415,4.019381523748645,3.8187108282864943,0.691153161953081,0.6832166123573445,4.019381523748645,4.137164559405029,4.607168188650764,4.137164559405029,2.7826188965997183,4.270695952029551,4.137164559405029,0.691153161953081,4.42484663185681])",1.0
F204,blood party pattern fish oil onto. concern opportunity nation decision put language. — shocking claims miracle drug surface internet.,"(10000,[503,617,1256,1376,1379,1968,2193,2359,4014,5683,5850,6035,6976,7281,7860,7936,8338,8871,9998],[0.691153161953081,4.019381523748645,3.125563647726549,4.137164559405029,4.830311739964974,3.8187108282864943,4.270695952029551,4.019381523748645,4.270695952029551,5.117993812416755,0.691153161953081,3.5085558999826545,3.8187108282864943,0.6792718340663283,2.958509563063383,0.691153161953081,0.691153161953081,4.137164559405029,4.830311739964974])",0.0
F168,war professional example understand age deep. point fly person effect determine throw. — shocking claims miracle drug surface internet.,"(10000,[503,1256,1982,2155,3249,4416,5850,5944,6324,6487,7281,7734,7860,7936,8338,8719,8791,9207,9606],[0.691153161953081,3.125563647726549,4.607168188650764,4.270695952029551,3.2721671219184243,3.7316994512968646,0.691153161953081,4.137164559405029,4.607168188650764,3.4440173788450834,0.6792718340663283,4.607168188650764,2.958509563063383,0.691153161953081,0.691153161953081,4.830311739964974,4.270695952029551,5.117993812416755,4.42484663185681])",0.0
R011,line cover detail color window activity. surface need white lead box yet size. experts discuss ongoing developments public health.,"(10000,[1143,1182,1770,2403,3614,4037,4506,4687,5356,5843,6104,6219,6532,6537,7281,7417,7922,9462,9832],[3.8187108282864943,4.270695952029551,2.920769235080536,3.8187108282864943,0.6871770135734415,4.137164559405029,0.691153161953081,0.6832166123573445,5.117993812416755,4.42484663185681,4.137164559405029,3.0811118851557153,5.117993812416755,4.42484663185681,0.6792718340663283,5.117993812416755,4.607168188650764,0.691153161953081,4.270695952029551])",1.0
R232,concern next hotel partner camera. strategy red ok wish. present region point mrs. experts discuss ongoing developments climate change.,"(10000,[52,116,641,812,821,1968,2059,2291,2645,2663,3192,3614,4416,4506,4687,8130,8159,8273,9462],[4.270695952029551,4.137164559405029,5.117993812416755,4.830311739964974,2.849310271098391,3.8187108282864943,2.7508701982851385,4.270695952029551,4.42484663185681,4.019381523748645,3.8187108282864943,0.6871770135734415,3.7316994512968646,0.691153161953081,0.6832166123573445,4.137164559405029,3.914021008090819,4.270695952029551,0.691153161953081])",1.0
R042,ago various age sound best pressure. institution east race. thus full reality bill source store. win ground task above. experts discuss ongoing developments public health.,"(10000,[320,680,740,763,1770,1896,2398,2406,3243,3614,4506,4687,5684,6166,6219,6487,6576,6647,7443,7721,8135,8451,8791,8897,9462],[3.577548771469606,4.019381523748645,5.117993812416755,4.607168188650764,2.920769235080536,3.914021008090819,4.270695952029551,5.117993812416755,3.8187108282864943,0.6871770135734415,0.691153161953081,0.6832166123573445,4.019381523748645,4.270695952029551,3.0811118851557153,3.4440173788450834,3.914021008090819,3.914021008090819,4.137164559405029,3.7316994512968646,3.914021008090819,4.019381523748645,4.270695952029551,3.8187108282864943,0.691153161953081])",1.0
F182,case set growth customer course material type. need article environment goal. even officer hold ever speech born. — shocking claims hoax surface internet.,"(10000,[320,502,503,696,935,1413,1702,2389,2407,3231,3286,3652,4377,5342,5594,5850,6342,6406,6537,7281,7936,8338,9700],[3.577548771469606,5.117993812416755,0.691153161953081,3.6516567436233283,5.523458920524919,3.8187108282864943,3.914021008090819,4.42484663185681,3.914021008090819,4.42484663185681,5.523458920524919,4.42484663185681,2.60568818844064,4.270695952029551,3.914021008090819,0.691153161953081,4.137164559405029,3.914021008090819,4.42484663185681,0.6792718340663283,0.691153161953081,0.691153161953081,4.830311739964974])",0.0
F036,worry pattern prepare degree project action. today keep worry along should. — shocking claims miracle drug surface internet.,"(10000,[320,503,617,1256,2230,2286,2840,5850,7281,7860,7936,8338,8343,9213,9594,9806,9943],[3.577548771469606,0.691153161953081,4.019381523748645,3.125563647726549,3.8187108282864943,4.270695952029551,4.607168188650764,0.691153161953081,0.6792718340663283,2.958509563063383,0.691153161953081,0.691153161953081,7.637421656572989,5.523458920524919,4.42484663185681,4.019381523748645,5.117993812416755])",0.0
F068,lot take present alone home. involve site sit staff. provide manage use. — shocking claims secret cure surface internet.,"(10000,[503,855,2492,3892,4943,5850,5861,5891,5946,6271,6747,6946,7281,7883,7936,8130,8338,9021,9073],[0.691153161953081,3.8187108282864943,3.7316994512968646,2.5530444549552183,4.019381523748645,0.691153161953081,4.830311739964974,3.7316994512968646,4.270695952029551,4.270695952029551,2.5530444549552183,4.019381523748645,0.6792718340663283,3.914021008090819,0.691153161953081,4.137164559405029,0.691153161953081,4.42484663185681,5.523458920524919])",0.0
R015,fill gun month. common window seat least gas option. party record magazine purpose actually. experts discuss ongoing developments election.,"(10000,[47,1379,1481,1634,2403,3556,3614,3888,4347,4506,4687,5607,6332,8089,8313,8413,8569,9462,9727],[4.019381523748645,4.830311739964974,5.523458920524919,3.8187108282864943,3.8187108282864943,2.7826188965997183,0.6871770135734415,4.830311739964974,4.42484663185681,0.691153161953081,0.6832166123573445,4.270695952029551,3.914021008090819,4.019381523748645,4.137164559405029,3.6516567436233283,4.830311739964974,0.691153161953081,4.019381523748645])",1.0
R147,general choice four side article explain. appear modern form leader commercial possible space seat. experts discuss ongoing developments climate change.,"(10000,[821,1243,1268,1526,1702,2059,2336,3605,3614,4506,4687,5465,5621,6053,6100,6443,8182,9188,9462,9781],[2.849310271098391,4.607168188650764,5.117993812416755,4.019381523748645,3.914021008090819,2.7508701982851385,3.7316994512968646,4.830311739964974,0.6871770135734415,0.691153161953081,0.6832166123573445,4.42484663185681,4.019381523748645,3.3262343431887,4.137164559405029,3.577548771469606,3.8187108282864943,4.607168188650764,0.691153161953081,4.607168188650764])",1.0
F198,less teacher already study agree. friend fish social four. — shocking claims government cover-up surface internet.,"(10000,[488,503,594,823,1195,1376,2259,4224,5850,6521,7281,7936,7960,8338,8708,9813],[4.830311739964974,0.691153161953081,4.137164559405029,3.6516567436233283,3.914021008090819,4.137164559405029,2.920769235080536,4.270695952029551,0.691153161953081,5.523458920524919,0.6792718340663283,0.691153161953081,4.830311739964974,0.691153161953081,3.8187108282864943,2.997730276216664])",0.0
R081,control hard bad middle. least huge six tv serious first. guy believe seek material. experts discuss ongoing developments climate change.,"(10000,[94,171,533,821,1117,1208,1634,2059,2198,3614,3756,4506,4547,4687,5125,5401,5616,6069,7956,9462],[4.42484663185681,3.7316994512968646,4.42484663185681,2.849310271098391,3.8187108282864943,2.8844015909096608,3.8187108282864943,2.7508701982851385,4.830311739964974,0.6871770135734415,4.830311739964974,0.691153161953081,4.42484663185681,0.6832166123573445,4.019381523748645,4.270695952029551,4.607168188650764,3.7316994512968646,4.607168188650764,0.691153161953081])",1.0
F050,century position arm writer. group edge day government. school stay rule. subject prepare test tax song. — shocking claims aliens surface internet.,"(10000,[433,503,650,1339,2286,2679,3921,3984,5710,5850,6586,6587,6934,7281,7711,7766,7841,7857,7936,8338,8655,9133],[4.42484663185681,0.691153161953081,2.958509563063383,4.019381523748645,4.270695952029551,4.137164559405029,4.270695952029551,4.137164559405029,4.607168188650764,0.691153161953081,4.137164559405029,4.019381523748645,5.117993812416755,0.6792718340663283,4.42484663185681,4.270695952029551,4.019381523748645,5.523458920524919,0.691153161953081,0.691153161953081,4.830311739964974,3.8187108282864943])",0.0
F162,sure two blue call night. — shocking claims celebrity scandal surface internet.,"(10000,[503,1821,3222,3486,4728,4921,5146,5768,5850,7281,7936,8338],[0.691153161953081,4.42484663185681,5.117993812416755,2.849310271098391,4.137164559405029,2.849310271098391,3.914021008090819,4.270695952029551,0.691153161953081,0.6792718340663283,0.691153161953081,0.691153161953081])",0.0
R028,money forget end field. experts discuss ongoing developments technology breakthrough.,"(10000,[453,1020,2227,3132,3614,4506,4687,6103,7146,9462],[5.117993812416755,2.6330871626287546,2.7200985396183848,5.117993812416755,0.6871770135734415,0.691153161953081,0.6832166123573445,4.137164559405029,3.914021008090819,0.691153161953081])",1.0
R195,though best anything. organization management west marriage concern. experts discuss ongoing developments budget report.,"(10000,[763,1241,1364,3385,3614,4506,4687,4991,5085,5432,6229,7751,9462,9719],[4.607168188650764,4.019381523748645,4.270695952029551,3.914021008090819,0.6871770135734415,0.691153161953081,0.6832166123573445,2.6330871626287546,3.5085558999826545,2.661258039595451,3.7316994512968646,5.523458920524919,0.691153161953081,5.117993812416755])",1.0
F116,customer card. care possible training single. — shocking claims aliens surface internet.,"(10000,[503,650,1413,2092,3489,5310,5850,6100,7281,7538,7936,8338],[0.691153161953081,2.958509563063383,3.8187108282864943,5.523458920524919,4.830311739964974,4.137164559405029,0.691153161953081,4.137164559405029,0.6792718340663283,3.914021008090819,0.691153161953081,0.691153161953081])",0.0
R018,mother serve it. leader return loss star. one tax year job individual cost memory. experts discuss ongoing developments research.,"(10000,[354,557,635,815,1526,1725,3614,4490,4506,4687,5329,6079,6097,6587,7066,7805,8614,8899,9462],[4.137164559405029,4.137164559405029,4.270695952029551,5.117993812416755,4.019381523748645,4.270695952029551,0.6871770135734415,4.019381523748645,0.691153161953081,0.6832166123573445,4.137164559405029,4.607168188650764,4.42484663185681,4.019381523748645,2.8154087194227095,4.830311739964974,4.42484663185681,4.019381523748645,0.691153161953081])",1.0
F073,public unit idea follow government. office charge about. stop watch answer light pm class. — shocking claims immortal jellyfish surface internet.,"(10000,[503,796,1720,1770,2066,2176,2708,3619,5241,5710,5850,5958,6335,6812,7026,7281,7936,8338,8344,9367,9876],[0.691153161953081,3.7316994512968646,5.117993812416755,2.920769235080536,2.7508701982851385,5.117993812416755,3.6516567436233283,4.42484663185681,4.607168188650764,4.607168188650764,0.691153161953081,4.137164559405029,3.7316994512968646,4.830311739964974,4.607168188650764,0.6792718340663283,0.691153161953081,0.691153161953081,4.137164559405029,4.019381523748645,2.7508701982851385])",0.0
F059,stock base hotel instead single old nor. make lot. — shocking claims miracle drug surface internet.,"(10000,[503,793,1256,2663,3525,4527,5850,7083,7281,7860,7889,7936,8173,8338,8439,8544],[0.691153161953081,4.42484663185681,3.125563647726549,4.019381523748645,4.137164559405029,4.019381523748645,0.691153161953081,4.270695952029551,0.6792718340663283,2.958509563063383,4.270695952029551,0.691153161953081,3.8187108282864943,0.691153161953081,5.523458920524919,5.117993812416755])",0.0
R078,blood contain center today best. current letter growth catch. second third professor visit yet. experts discuss ongoing developments budget report.,"(10000,[320,564,698,1480,2359,2543,3614,3882,4506,4687,4991,5432,6043,6426,7493,8771,9189,9256,9462,9806],[3.577548771469606,4.270695952029551,4.137164559405029,4.137164559405029,4.019381523748645,3.577548771469606,0.6871770135734415,4.830311739964974,0.691153161953081,0.6832166123573445,2.6330871626287546,2.661258039595451,5.117993812416755,5.117993812416755,4.019381523748645,4.019381523748645,4.019381523748645,4.607168188650764,0.691153161953081,4.019381523748645])",1.0
F216,price democratic various. unit want person case protect. — shocking claims secret cure surface internet.,"(10000,[503,1738,3249,3892,5606,5850,6335,6342,6584,6747,7281,7712,7936,8338,8693],[0.691153161953081,4.42484663185681,3.2721671219184243,2.5530444549552183,4.019381523748645,0.691153161953081,3.7316994512968646,4.137164559405029,5.523458920524919,2.5530444549552183,0.6792718340663283,4.42484663185681,0.691153161953081,0.691153161953081,4.830311739964974])",0.0
F206,walk process star. mrs live nation pick national. — shocking claims celebrity scandal surface internet.,"(10000,[493,503,3486,4014,4921,5850,6097,6142,7281,7372,7682,7936,8040,8338,9751],[4.019381523748645,0.691153161953081,2.849310271098391,4.270695952029551,2.849310271098391,0.691153161953081,4.42484663185681,3.914021008090819,0.6792718340663283,4.270695952029551,4.270695952029551,0.691153161953081,3.914021008090819,0.691153161953081,4.137164559405029])",0.0
R036,feeling agent newspaper. experts discuss ongoing developments research.,"(10000,[613,3614,4506,4687,4737,5016,7066,9462],[4.019381523748645,0.6871770135734415,0.691153161953081,0.6832166123573445,5.117993812416755,3.8187108282864943,2.8154087194227095,0.691153161953081])",1.0
F104,others ago now. moment forget college set. three provide big performance college report. — shocking claims aliens surface internet.,"(10000,[503,650,1896,3048,3401,3802,5432,5767,5850,5925,5946,6940,7146,7281,7936,8057,8338,9351],[0.691153161953081,2.958509563063383,3.914021008090819,4.137164559405029,4.270695952029551,5.117993812416755,2.661258039595451,5.117993812416755,0.691153161953081,4.42484663185681,4.270695952029551,3.7316994512968646,3.914021008090819,0.6792718340663283,0.691153161953081,9.214336377301528,0.691153161953081,4.270695952029551])",0.0
F000,also create child. network interesting go. — shocking claims hoax surface internet.,"(10000,[503,1404,1655,3634,3792,4377,4702,5850,7281,7936,8338,9152],[0.691153161953081,4.137164559405029,4.607168188650764,4.019381523748645,4.270695952029551,2.60568818844064,4.270695952029551,0.691153161953081,0.6792718340663283,0.691153161953081,0.691153161953081,3.914021008090819])",0.0
R136,guess sense rather. wide participant maintain early every. experts discuss ongoing developments education.,"(10000,[1661,2836,3614,4092,4506,4687,5047,5247,5396,5447,8660,8997,9462],[5.523458920524919,3.914021008090819,0.6871770135734415,4.830311739964974,0.691153161953081,0.6832166123573445,2.6902455764687034,4.270695952029551,3.914021008090819,3.6516567436233283,4.607168188650764,4.137164559405029,0.691153161953081])",1.0
F019,avoid important threat tree least quite meeting. system eight art four. — shocking claims immortal jellyfish surface internet.,"(10000,[503,1388,1634,1967,2066,3996,5850,5871,6056,7032,7281,7854,7936,7960,8070,8338,8482,9876],[0.691153161953081,3.8187108282864943,3.8187108282864943,4.270695952029551,2.7508701982851385,3.8187108282864943,0.691153161953081,4.270695952029551,3.914021008090819,4.830311739964974,0.6792718340663283,3.8187108282864943,0.691153161953081,4.830311739964974,4.830311739964974,0.691153161953081,3.8187108282864943,2.7508701982851385])",0.0
R012,child run red trouble money. year interest husband letter among defense. quality put store. experts discuss ongoing developments technology breakthrough.,"(10000,[25,52,70,176,266,564,1020,2227,2909,3506,3614,4506,4687,7208,7244,7362,7443,8871,8899,9462],[5.117993812416755,4.270695952029551,3.914021008090819,5.523458920524919,4.607168188650764,4.270695952029551,2.6330871626287546,2.7200985396183848,4.137164559405029,4.270695952029551,0.6871770135734415,0.691153161953081,0.6832166123573445,3.914021008090819,3.7316994512968646,4.42484663185681,4.137164559405029,4.137164559405029,4.019381523748645,0.691153161953081])",1.0
R052,early buy already. point political theory sister. experts discuss ongoing developments education.,"(10000,[80,1468,2664,3614,3935,4092,4416,4506,4687,5047,9181,9462],[4.830311739964974,4.607168188650764,3.7316994512968646,0.6871770135734415,4.270695952029551,4.830311739964974,3.7316994512968646,0.691153161953081,0.6832166123573445,2.6902455764687034,5.523458920524919,0.691153161953081])",1.0
R123,product ground meet forward entire. natural common democratic development series amount. experts discuss ongoing developments climate change.,"(10000,[447,656,821,2059,2095,2871,3614,4463,4506,4687,4988,5606,6332,6487,8411,9462,9940],[3.914021008090819,5.117993812416755,2.849310271098391,2.7508701982851385,4.830311739964974,3.914021008090819,0.6871770135734415,3.7316994512968646,0.691153161953081,0.6832166123573445,4.270695952029551,4.019381523748645,3.914021008090819,3.4440173788450834,3.6516567436233283,0.691153161953081,3.7316994512968646])",1.0
F040,city almost animal member. attack know face parent explain help. particularly eight good skin imagine. — shocking claims government cover-up surface internet.,"(10000,[503,2259,2403,3952,4034,5341,5495,5693,5833,5850,6168,6443,7281,7360,7779,7936,8338,8482,8566,9026,9813,9932],[0.691153161953081,2.920769235080536,3.8187108282864943,4.607168188650764,4.270695952029551,4.019381523748645,4.270695952029551,4.137164559405029,4.607168188650764,0.691153161953081,4.019381523748645,3.577548771469606,0.6792718340663283,3.8187108282864943,4.019381523748645,0.691153161953081,0.691153161953081,3.8187108282864943,4.830311739964974,5.117993812416755,2.997730276216664,4.42484663185681])",0.0
R160,shoulder trial easy clear school together the. someone event office. understand response heavy include manage low economic money. experts discuss ongoing developments climate change.,"(10000,[25,760,821,1611,2059,2260,2445,2679,2953,3410,3614,3671,4506,4687,6487,6756,7728,7765,7883,8312,8411,8949,9144,9462],[5.117993812416755,4.137164559405029,2.849310271098391,4.270695952029551,2.7508701982851385,4.830311739964974,3.914021008090819,4.137164559405029,4.270695952029551,4.019381523748645,0.6871770135734415,4.607168188650764,0.691153161953081,0.6832166123573445,3.4440173788450834,4.137164559405029,4.830311739964974,5.117993812416755,3.914021008090819,4.42484663185681,3.6516567436233283,4.42484663185681,2.7200985396183848,0.691153161953081])",1.0
F067,among series idea significant call option election. necessary message clear trip. — shocking claims immortal jellyfish surface internet.,"(10000,[503,1611,2066,2715,3556,4463,5146,5850,5958,6865,7281,7362,7936,7979,8338,8552,9613,9876],[0.691153161953081,4.270695952029551,2.7508701982851385,3.914021008090819,2.7826188965997183,3.7316994512968646,3.914021008090819,0.691153161953081,4.137164559405029,5.523458920524919,0.6792718340663283,4.42484663185681,0.691153161953081,4.607168188650764,0.691153161953081,4.42484663185681,3.914021008090819,2.7508701982851385])",0.0
R069,spring money say concern help catch environmental. occur research maintain sort others letter. experts discuss ongoing developments research.,"(10000,[1644,1921,1968,3614,4300,4506,4687,5247,5720,5862,6103,6940,7066,7949,9216,9347,9432,9462],[4.137164559405029,5.523458920524919,3.8187108282864943,0.6871770135734415,5.523458920524919,0.691153161953081,0.6832166123573445,4.270695952029551,4.42484663185681,4.607168188650764,4.137164559405029,3.7316994512968646,2.8154087194227095,4.019381523748645,5.523458920524919,3.5085558999826545,3.7316994512968646,0.691153161953081])",1.0
F160,take trial interesting state seat walk you. — shocking claims mind control surface internet.,"(10000,[4,47,503,855,1208,1808,3184,3410,3634,5850,6142,7281,7936,8338],[5.523458920524919,4.019381523748645,0.691153161953081,3.8187108282864943,2.8844015909096608,3.914021008090819,2.8154087194227095,4.019381523748645,4.019381523748645,0.691153161953081,3.914021008090819,0.6792718340663283,0.691153161953081,0.691153161953081])",0.0
F053,energy different green. property court technology pretty figure positive thing. — shocking claims hoax surface internet.,"(10000,[1,503,1020,2733,2735,3919,4110,4377,4568,5850,6683,7016,7281,7936,8307,8338],[4.137164559405029,0.691153161953081,2.6330871626287546,4.137164559405029,5.523458920524919,4.270695952029551,4.270695952029551,2.60568818844064,4.607168188650764,0.691153161953081,4.830311739964974,4.607168188650764,0.6792718340663283,0.691153161953081,4.270695952029551,0.691153161953081])",0.0
R074,crime media explain visit bring investment. simply shake operation shoulder every federal represent. experts discuss ongoing developments education.,"(10000,[633,698,731,1209,1642,1734,2180,3057,3538,3614,4506,4687,5047,5341,5922,6756,9462,9681],[5.117993812416755,4.137164559405029,4.607168188650764,4.270695952029551,4.607168188650764,5.117993812416755,4.607168188650764,4.270695952029551,5.523458920524919,0.6871770135734415,0.691153161953081,0.6832166123573445,2.6902455764687034,4.019381523748645,4.270695952029551,4.137164559405029,0.691153161953081,3.7316994512968646])",1.0
R007,store finally real. issue morning institution relationship soon us. experts discuss ongoing developments election.,"(10000,[1041,1817,3160,3243,3556,3614,4260,4506,4687,5963,6616,7184,9462,9679],[5.117993812416755,3.7316994512968646,4.270695952029551,3.8187108282864943,2.7826188965997183,0.6871770135734415,3.7316994512968646,0.691153161953081,0.6832166123573445,5.117993812416755,4.019381523748645,4.830311739964974,0.691153161953081,5.523458920524919])",1.0
R119,everything within forward available every. experts discuss ongoing developments climate change.,"(10000,[821,2059,2475,3614,4506,4687,8411,8997,9156,9462,9817],[2.849310271098391,2.7508701982851385,4.019381523748645,0.6871770135734415,0.691153161953081,0.6832166123573445,3.6516567436233283,4.137164559405029,3.914021008090819,0.691153161953081,3.7316994512968646])",1.0
R087,television ready want cultural. experts discuss ongoing developments budget report.,"(10000,[3614,4506,4687,4991,5432,6557,7712,8471,8713,9462],[0.6871770135734415,0.691153161953081,0.6832166123573445,2.6330871626287546,2.661258039595451,3.914021008090819,4.42484663185681,5.523458920524919,4.137164559405029,0.691153161953081])",1.0
F145,nice bring water beyond into. suffer arm away. citizen ten common serve turn practice approach. — shocking claims miracle drug surface internet.,"(10000,[8,442,503,1256,1725,2589,3057,3370,3886,3984,4280,5085,5850,6135,6332,6434,6830,7281,7860,7936,8338,8900],[4.42484663185681,4.830311739964974,0.691153161953081,3.125563647726549,4.270695952029551,3.914021008090819,4.270695952029551,4.019381523748645,4.830311739964974,4.137164559405029,4.42484663185681,3.5085558999826545,0.691153161953081,4.019381523748645,3.914021008090819,5.117993812416755,4.607168188650764,0.6792718340663283,2.958509563063383,0.691153161953081,0.691153161953081,4.42484663185681])",0.0
R065,along determine prove full alone type spend. page admit speech the. condition marriage structure check. experts discuss ongoing developments budget report.,"(10000,[502,2260,2492,2827,2840,2996,3526,3614,4506,4516,4687,4991,5214,5328,5432,6229,7734,8714,8897,9394,9462],[5.117993812416755,4.830311739964974,3.7316994512968646,4.137164559405029,4.607168188650764,4.137164559405029,4.607168188650764,0.6871770135734415,0.691153161953081,4.830311739964974,0.6832166123573445,2.6330871626287546,4.019381523748645,3.8187108282864943,2.661258039595451,3.7316994512968646,4.607168188650764,4.270695952029551,3.8187108282864943,5.523458920524919,0.691153161953081])",1.0
R208,administration choice health. experts discuss ongoing developments budget report.,"(10000,[3614,4506,4687,4991,5185,5432,6053,6219,9462],[0.6871770135734415,0.691153161953081,0.6832166123573445,2.6330871626287546,3.4440173788450834,2.661258039595451,3.3262343431887,3.0811118851557153,0.691153161953081])",1.0
R048,senior big design instead source trip assume. maybe change reveal. remember usually well baby community front. experts discuss ongoing developments budget report.,"(10000,[157,387,1348,2006,2990,3048,3614,3922,4144,4253,4506,4527,4687,4818,4991,5432,5685,5782,7721,8174,8550,9462],[3.2721671219184243,4.019381523748645,4.137164559405029,5.117993812416755,4.270695952029551,4.137164559405029,0.6871770135734415,3.577548771469606,4.019381523748645,5.523458920524919,0.691153161953081,4.019381523748645,0.6832166123573445,4.270695952029551,2.6330871626287546,2.661258039595451,3.577548771469606,4.607168188650764,3.7316994512968646,3.914021008090819,4.830311739964974,0.691153161953081])",1.0
F076,recognize third language country. short think. within ahead sport outside blue protect firm argue. — shocking claims aliens surface internet.,"(10000,[503,650,1262,1716,1948,5768,5850,7235,7281,7509,7936,8171,8268,8278,8338,8568,8771,8894,9062,9817],[0.691153161953081,2.958509563063383,4.137164559405029,3.8187108282864943,4.607168188650764,4.270695952029551,0.691153161953081,5.117993812416755,0.6792718340663283,5.117993812416755,0.691153161953081,4.270695952029551,3.577548771469606,4.019381523748645,0.691153161953081,3.914021008090819,4.019381523748645,3.8187108282864943,5.523458920524919,3.7316994512968646])",0.0
R019,news face institution focus. peace factor single deal sister economic. experts discuss ongoing developments policy.,"(10000,[1433,2007,2433,3243,3521,3614,4034,4506,4687,6697,6944,7889,8016,9462,9561],[4.137164559405029,4.830311739964974,4.019381523748645,3.8187108282864943,4.019381523748645,0.6871770135734415,4.270695952029551,0.691153161953081,0.6832166123573445,3.4440173788450834,2.7826188965997183,4.270695952029551,5.523458920524919,0.691153161953081,4.137164559405029])",1.0
F115,worry marriage quickly reason notice. spend church project black smile tough local amount. including image find agency. — shocking claims immortal jellyfish surface internet.,"(10000,[228,353,503,1051,1273,1948,2066,2095,2230,2713,2944,3391,5303,5447,5850,6229,7281,7334,7366,7510,7936,8338,8343,9876],[4.270695952029551,4.137164559405029,0.691153161953081,4.607168188650764,3.6516567436233283,4.607168188650764,2.7508701982851385,4.830311739964974,3.8187108282864943,4.270695952029551,3.7316994512968646,3.914021008090819,4.607168188650764,3.6516567436233283,0.691153161953081,3.7316994512968646,0.6792718340663283,3.914021008090819,4.830311739964974,4.137164559405029,0.691153161953081,0.691153161953081,3.8187108282864943,2.7508701982851385])",0.0
R031,turn sit event goal firm must son. two happy major certain. experts discuss ongoing developments education.,"(10000,[1023,1058,1440,3614,3886,4506,4687,4728,5047,5089,5347,6946,7728,8894,9380,9462],[4.270695952029551,4.42484663185681,5.523458920524919,0.6871770135734415,4.830311739964974,0.691153161953081,0.6832166123573445,4.137164559405029,2.6902455764687034,3.5085558999826545,4.019381523748645,4.019381523748645,4.830311739964974,3.8187108282864943,5.117993812416755,0.691153161953081])",1.0
R190,pattern staff series something. professional consider action quickly call now. experts discuss ongoing developments research.,"(10000,[312,617,2155,3391,3614,3802,4240,4463,4506,4687,5146,6224,6633,7066,9462],[4.42484663185681,4.019381523748645,4.270695952029551,3.914021008090819,0.6871770135734415,5.117993812416755,5.117993812416755,3.7316994512968646,0.691153161953081,0.6832166123573445,3.914021008090819,4.137164559405029,4.42484663185681,2.8154087194227095,0.691153161953081])",1.0
F057,adult player method better education store. environmental deep help customer five young street affect. remember education land first movie never. — shocking claims mind control surface internet.,"(10000,[72,503,1208,1413,1439,1762,2543,3184,3684,5530,5685,5692,5850,5974,6015,6027,6403,6604,7040,7148,7281,7443,7809,7936,8338,9347],[4.019381523748645,0.691153161953081,2.8844015909096608,3.8187108282864943,4.270695952029551,3.6516567436233283,3.577548771469606,2.8154087194227095,4.137164559405029,10.23598762483351,3.577548771469606,5.523458920524919,0.691153161953081,3.4440173788450834,4.137164559405029,5.523458920524919,4.137164559405029,4.019381523748645,5.117993812416755,3.8187108282864943,0.6792718340663283,4.137164559405029,4.137164559405029,0.691153161953081,0.691153161953081,3.5085558999826545])",0.0
F158,give public security professional work amount whole. serve mind since alone. exactly evening listen. late money program foot. — shocking claims immortal jellyfish surface internet.,"(10000,[503,573,1725,1770,2041,2066,2096,2155,2634,2826,3073,3079,3184,3783,5286,5850,6103,6287,7222,7281,7936,8338,9527,9876,9925],[0.691153161953081,4.607168188650764,4.270695952029551,2.920769235080536,4.830311739964974,2.7508701982851385,4.42484663185681,4.270695952029551,4.270695952029551,5.523458920524919,4.607168188650764,4.270695952029551,2.8154087194227095,4.607168188650764,3.7316994512968646,0.691153161953081,4.137164559405029,3.914021008090819,4.137164559405029,0.6792718340663283,0.691153161953081,0.691153161953081,4.270695952029551,2.7508701982851385,5.117993812416755])",0.0
F234,word first agency investment news difference address soon. local consider record people. — shocking claims flat earth surface internet.,"(10000,[228,312,503,765,1562,2433,2918,3166,3519,4347,4454,5635,5850,6403,7281,7866,7936,8338,9676],[4.270695952029551,4.42484663185681,0.691153161953081,4.42484663185681,4.42484663185681,4.019381523748645,3.0385522707369192,4.830311739964974,4.137164559405029,4.42484663185681,4.42484663185681,5.523458920524919,0.691153161953081,4.137164559405029,0.6792718340663283,4.42484663185681,0.691153161953081,0.691153161953081,3.0385522707369192])",0.0
F155,partner stuff need anyone hour talk television yet. official pattern rest suddenly major page. near piece majority someone. — shocking claims flat earth surface internet.,"(10000,[116,503,527,617,666,1058,2708,2918,3133,3409,3813,3882,5850,5974,6537,7281,7722,7936,8338,8485,8581,8713,8925,9244,9676],[4.137164559405029,0.691153161953081,4.270695952029551,4.019381523748645,4.270695952029551,4.42484663185681,3.6516567436233283,3.0385522707369192,4.137164559405029,4.607168188650764,5.117993812416755,4.830311739964974,0.691153161953081,3.4440173788450834,4.42484663185681,0.6792718340663283,4.137164559405029,0.691153161953081,0.691153161953081,4.270695952029551,4.607168188650764,4.137164559405029,4.42484663185681,4.019381523748645,3.0385522707369192])",0.0
F106,late task prepare level door. quickly deep ok style defense measure. day push space continue religious plant provide. peace poor anyone. — shocking claims flat earth surface internet.,"(10000,[503,533,743,1499,1762,2286,2645,2918,3079,3391,3543,4293,5587,5850,5931,5978,6609,6697,7244,7281,7936,8000,8103,8338,8451,9133,9188,9676],[0.691153161953081,4.42484663185681,4.270695952029551,3.914021008090819,3.6516567436233283,4.270695952029551,4.42484663185681,3.0385522707369192,4.270695952029551,3.914021008090819,3.577548771469606,4.270695952029551,5.523458920524919,0.691153161953081,5.523458920524919,4.137164559405029,5.117993812416755,3.4440173788450834,3.7316994512968646,0.6792718340663283,0.691153161953081,4.137164559405029,3.914021008090819,0.691153161953081,4.019381523748645,3.8187108282864943,4.607168188650764,3.0385522707369192])",0.0
R051,career rest find small school. task others why. clear eight leader total. experts discuss ongoing developments policy.,"(10000,[222,1211,1526,1611,2708,3614,4506,4687,4930,6535,6740,6940,6944,7510,8451,8482,9462],[4.270695952029551,5.117993812416755,4.019381523748645,4.270695952029551,3.6516567436233283,0.6871770135734415,0.691153161953081,0.6832166123573445,4.270695952029551,5.523458920524919,5.117993812416755,3.7316994512968646,2.7826188965997183,4.137164559405029,4.019381523748645,3.8187108282864943,0.691153161953081])",1.0
R203,name series goal evening talk make though up. respond report board land. experts discuss ongoing developments education.,"(10000,[15,796,2500,3385,3525,3614,4463,4506,4687,5047,5089,5286,6505,7454,8925,9123,9462],[4.019381523748645,3.7316994512968646,4.270695952029551,3.914021008090819,4.137164559405029,0.6871770135734415,3.7316994512968646,0.691153161953081,0.6832166123573445,2.6902455764687034,3.5085558999826545,3.7316994512968646,4.270695952029551,4.270695952029551,4.42484663185681,4.830311739964974,0.691153161953081])",1.0
F063,say market less identify physical star so. sort also understand sure require act. — shocking claims secret cure surface internet.,"(10000,[503,1195,1783,1821,2141,2657,3792,3892,3967,5170,5720,5850,5862,6487,6747,7281,7936,8338,8449,8649],[0.691153161953081,3.914021008090819,4.270695952029551,4.42484663185681,5.117993812416755,4.42484663185681,4.270695952029551,2.5530444549552183,4.830311739964974,4.019381523748645,4.42484663185681,0.691153161953081,4.607168188650764,3.4440173788450834,2.5530444549552183,0.6792718340663283,0.691153161953081,0.691153161953081,4.019381523748645,4.42484663185681])",0.0
R080,order mention computer peace task. respond resource adult chance student them. experts discuss ongoing developments policy.,"(10000,[72,346,1226,1670,2500,2907,3536,3614,4506,4687,6697,6944,7034,8151,8957,9462],[4.019381523748645,4.607168188650764,4.270695952029551,4.137164559405029,4.270695952029551,4.270695952029551,3.914021008090819,0.6871770135734415,0.691153161953081,0.6832166123573445,3.4440173788450834,2.7826188965997183,5.117993812416755,4.607168188650764,5.523458920524919,0.691153161953081])",1.0
R226,seek fire list partner. democrat marriage live. per kitchen true sort. experts discuss ongoing developments public health.,"(10000,[171,298,756,1770,2929,3614,4506,4590,4687,5191,5234,6219,6229,7188,8728,9311,9462],[3.7316994512968646,4.830311739964974,4.42484663185681,2.920769235080536,5.117993812416755,0.6871770135734415,0.691153161953081,5.523458920524919,0.6832166123573445,4.607168188650764,4.830311739964974,3.0811118851557153,3.7316994512968646,4.270695952029551,3.2208738275308737,5.117993812416755,0.691153161953081])",1.0
F144,play well learn moment. — shocking claims hoax surface internet.,"(10000,[157,503,2173,4096,4377,5850,5967,7281,7936,8338],[3.2721671219184243,0.691153161953081,4.137164559405029,5.523458920524919,2.60568818844064,0.691153161953081,4.830311739964974,0.6792718340663283,0.691153161953081,0.691153161953081])",0.0
F241,experience future fast though tree purpose body. south apply risk democrat. head word research international across hundred indeed. stuff note art run improve reach. — shocking claims flat earth surface internet.,"(10000,[188,266,503,1064,1996,2408,2918,3385,3519,3635,4816,5175,5726,5850,5871,6488,7074,7281,7312,7722,7854,7936,8089,8338,8794,9263,9432,9472,9676,9909,9924],[3.914021008090819,4.607168188650764,0.691153161953081,4.830311739964974,5.523458920524919,3.914021008090819,3.0385522707369192,3.914021008090819,4.137164559405029,3.914021008090819,4.019381523748645,4.270695952029551,4.42484663185681,0.691153161953081,4.270695952029551,4.270695952029551,3.2208738275308737,0.6792718340663283,4.830311739964974,4.137164559405029,3.8187108282864943,0.691153161953081,4.019381523748645,0.691153161953081,4.607168188650764,4.830311739964974,3.7316994512968646,5.523458920524919,3.0385522707369192,4.42484663185681,5.117993812416755])",0.0
R150,expert industry write loss behind give. election realize product shoulder. body put keep would. experts discuss ongoing developments election.,"(10000,[132,447,841,914,1410,1582,3010,3556,3614,3740,4346,4506,4687,5329,5445,8759,8871,9462,9594],[4.42484663185681,3.914021008090819,3.914021008090819,3.914021008090819,5.523458920524919,4.270695952029551,4.42484663185681,2.7826188965997183,0.6871770135734415,5.523458920524919,3.7316994512968646,0.691153161953081,0.6832166123573445,4.137164559405029,4.607168188650764,4.607168188650764,4.137164559405029,0.691153161953081,4.42484663185681])",1.0
R153,young relate west whose. bring feel training high. oil since sport suffer. experts discuss ongoing developments research.,"(10000,[988,3057,3115,3614,4506,4687,5085,6035,6287,6383,6731,7066,7538,7809,8094,8278,9462],[4.42484663185681,4.270695952029551,4.607168188650764,0.6871770135734415,0.691153161953081,0.6832166123573445,3.5085558999826545,3.5085558999826545,3.914021008090819,5.523458920524919,5.117993812416755,2.8154087194227095,3.914021008090819,4.137164559405029,4.830311739964974,4.019381523748645,0.691153161953081])",1.0
F175,style company city half interest give. republican make visit father cost. — shocking claims hoax surface internet.,"(10000,[70,503,698,942,1780,1800,3525,4377,4616,5495,5850,6143,7281,7936,8000,8338,8759],[3.914021008090819,0.691153161953081,4.137164559405029,3.914021008090819,3.914021008090819,4.830311739964974,4.137164559405029,2.60568818844064,4.137164559405029,4.270695952029551,0.691153161953081,5.523458920524919,0.6792718340663283,0.691153161953081,4.137164559405029,0.691153161953081,4.607168188650764])",0.0
F161,simple imagine price one. money community including difference beautiful account happy. school coach sort opportunity sing down. — shocking claims immortal jellyfish surface internet.,"(10000,[503,1273,1738,2066,2466,2679,2913,2956,3514,5301,5720,5850,6103,6451,6976,7281,7334,7866,7936,8174,8338,9025,9187,9876],[0.691153161953081,3.6516567436233283,4.42484663185681,2.7508701982851385,5.117993812416755,4.137164559405029,3.914021008090819,5.117993812416755,4.270695952029551,4.137164559405029,4.42484663185681,0.691153161953081,4.137164559405029,3.383392757028649,3.8187108282864943,0.6792718340663283,3.914021008090819,4.42484663185681,0.691153161953081,3.914021008090819,0.691153161953081,5.117993812416755,4.270695952029551,2.7508701982851385])",0.0
F147,field thing hundred school. deal support eight he. news pattern ten firm thank area where. — shocking claims secret cure surface internet.,"(10000,[503,617,1211,1433,1687,2433,3857,3892,4522,5085,5175,5649,5850,6747,7074,7281,7936,8217,8257,8338,8482,8894],[0.691153161953081,4.019381523748645,5.117993812416755,4.137164559405029,4.270695952029551,4.019381523748645,4.830311739964974,2.5530444549552183,4.830311739964974,3.5085558999826545,4.270695952029551,3.8187108282864943,0.691153161953081,2.5530444549552183,3.2208738275308737,0.6792718340663283,0.691153161953081,4.607168188650764,5.523458920524919,0.691153161953081,3.8187108282864943,3.8187108282864943])",0.0
F018,real scene true senior leader. — shocking claims secret cure surface internet.,"(10000,[503,3892,4144,5844,5850,6747,7188,7281,7936,8338,9495,9691],[0.691153161953081,2.5530444549552183,4.019381523748645,4.137164559405029,0.691153161953081,2.5530444549552183,4.270695952029551,0.6792718340663283,0.691153161953081,0.691153161953081,5.117993812416755,4.137164559405029])",0.0
F211,stop suddenly raise sometimes fish. — shocking claims celebrity scandal surface internet.,"(10000,[503,796,3471,3486,3527,4921,5850,5869,7281,7936,8338,8581],[0.691153161953081,3.7316994512968646,5.117993812416755,2.849310271098391,4.830311739964974,2.849310271098391,0.691153161953081,4.607168188650764,0.6792718340663283,0.691153161953081,0.691153161953081,4.607168188650764])",0.0
R117,find continue oil one. news standard hour important go. experts discuss ongoing developments research.,"(10000,[527,743,1967,2433,2466,2967,3614,4506,4687,4702,6035,7066,7510,9462],[4.270695952029551,4.270695952029551,4.270695952029551,4.019381523748645,5.117993812416755,4.42484663185681,0.6871770135734415,0.691153161953081,0.6832166123573445,4.270695952029551,3.5085558999826545,2.8154087194227095,4.137164559405029,0.691153161953081])",1.0
F016,add necessary share offer opportunity design. professional finally like bring. experience environment state debate fight possible. various situation message heart yet west determine. — shocking claims aliens surface internet.,"(10000,[503,650,1766,1808,1817,2155,2272,2407,2526,2715,2958,3136,3330,3635,3947,4037,5085,5850,6647,6976,7281,7425,7936,7979,8276,8338,8512,9808,9887],[0.691153161953081,2.958509563063383,5.523458920524919,3.914021008090819,3.7316994512968646,4.270695952029551,5.117993812416755,3.914021008090819,3.6516567436233283,3.914021008090819,3.914021008090819,4.607168188650764,4.019381523748645,3.914021008090819,4.137164559405029,4.137164559405029,3.5085558999826545,0.691153161953081,3.914021008090819,3.8187108282864943,0.6792718340663283,4.830311739964974,0.691153161953081,4.607168188650764,4.607168188650764,0.691153161953081,5.523458920524919,3.7316994512968646,4.270695952029551])",0.0
F029,western production seat remember trouble despite child. structure unit leader describe quality car meet. — shocking claims flat earth surface internet.,"(10000,[47,503,524,1301,1526,1655,2347,2909,2918,2996,3506,3674,5685,5850,6335,7085,7281,7936,8338,8353,9676],[4.019381523748645,0.691153161953081,3.577548771469606,4.270695952029551,4.019381523748645,4.607168188650764,5.523458920524919,4.137164559405029,3.0385522707369192,4.137164559405029,4.270695952029551,3.7316994512968646,3.577548771469606,0.691153161953081,3.7316994512968646,4.137164559405029,0.6792718340663283,0.691153161953081,0.691153161953081,3.8187108282864943,3.0385522707369192])",0.0
F205,side adult media sit serious window. minute son nice nearly. — shocking claims celebrity scandal surface internet.,"(10000,[72,209,503,619,1117,1209,2437,3357,3370,3486,4921,5850,6946,7281,7936,8338,9781],[4.019381523748645,4.019381523748645,0.691153161953081,5.523458920524919,3.8187108282864943,4.270695952029551,5.117993812416755,4.137164559405029,4.019381523748645,2.849310271098391,2.849310271098391,0.691153161953081,4.019381523748645,0.6792718340663283,0.691153161953081,0.691153161953081,4.607168188650764])",0.0
R112,military range feeling find. relationship relate perform area. remember woman speak person security. experts discuss ongoing developments economic growth.,"(10000,[165,613,988,1098,3249,3614,4105,4260,4506,4563,4687,4732,5685,5877,7359,8423,9034,9144,9462],[4.270695952029551,4.019381523748645,4.42484663185681,3.914021008090819,3.2721671219184243,0.6871770135734415,5.117993812416755,3.7316994512968646,0.691153161953081,4.607168188650764,0.6832166123573445,3.914021008090819,3.577548771469606,5.117993812416755,5.523458920524919,4.607168188650764,2.920769235080536,2.7200985396183848,0.691153161953081])",1.0
F218,rather federal modern third others every. son card impact challenge often week. high something value feeling southern family around explain. — shocking claims government cover-up surface internet.,"(10000,[7,209,503,613,633,1972,2116,2144,2259,2302,2336,2837,3605,3743,5850,5935,6197,6940,7281,7403,7936,8297,8338,8771,8997,9813,9826],[4.137164559405029,4.019381523748645,0.691153161953081,4.019381523748645,5.117993812416755,3.914021008090819,4.019381523748645,4.607168188650764,2.920769235080536,4.830311739964974,3.7316994512968646,4.42484663185681,4.830311739964974,4.270695952029551,0.691153161953081,4.270695952029551,4.607168188650764,3.7316994512968646,0.6792718340663283,4.270695952029551,0.691153161953081,3.914021008090819,0.691153161953081,4.019381523748645,4.137164559405029,2.997730276216664,4.270695952029551])",0.0
R187,perform hard analysis door. experts discuss ongoing developments education.,"(10000,[1098,1296,3614,4506,4687,5047,5125,6609,9462],[3.914021008090819,4.137164559405029,0.6871770135734415,0.691153161953081,0.6832166123573445,2.6902455764687034,4.019381523748645,5.117993812416755,0.691153161953081])",1.0
F087,however section mr must teacher. range ability mention mean tax. — shocking claims celebrity scandal surface internet.,"(10000,[165,503,909,911,1023,2647,2907,3486,3681,4529,4921,5500,5850,6968,7281,7936,8338],[4.270695952029551,0.691153161953081,4.830311739964974,4.42484663185681,4.270695952029551,4.137164559405029,4.270695952029551,2.849310271098391,4.830311739964974,5.117993812416755,2.849310271098391,5.117993812416755,0.691153161953081,4.270695952029551,0.6792718340663283,0.691153161953081,0.691153161953081])",0.0
R171,religious minute high even help sound admit. bring public simple bit outside high. another create enough wish others. experts discuss ongoing developments education.,"(10000,[495,1404,1770,1989,2116,2913,3057,3357,3614,3761,4293,4506,4673,4687,4748,5047,6166,6406,8094,8166,8568,9347,9462],[4.42484663185681,4.137164559405029,2.920769235080536,4.270695952029551,4.019381523748645,3.914021008090819,4.270695952029551,4.137164559405029,0.6871770135734415,4.607168188650764,4.270695952029551,0.691153161953081,5.523458920524919,0.6832166123573445,4.270695952029551,2.6902455764687034,4.270695952029551,3.914021008090819,4.830311739964974,4.270695952029551,3.914021008090819,3.5085558999826545,0.691153161953081])",1.0
R113,drive interview cause upon. experts discuss ongoing developments technology breakthrough.,"(10000,[316,1020,2227,3614,4506,4687,5087,6035,6325,9462],[4.607168188650764,2.6330871626287546,2.7200985396183848,0.6871770135734415,0.691153161953081,0.6832166123573445,5.523458920524919,3.5085558999826545,4.019381523748645,0.691153161953081])",1.0
R222,painting firm family speak board office. song appear cup senior edge. experts discuss ongoing developments public health.,"(10000,[1034,1770,3059,3614,4144,4506,4687,4732,6219,7350,7454,7765,8182,8297,8859,8894,9462],[4.270695952029551,2.920769235080536,4.270695952029551,0.6871770135734415,4.019381523748645,0.691153161953081,0.6832166123573445,3.914021008090819,3.0811118851557153,3.914021008090819,4.270695952029551,5.117993812416755,3.8187108282864943,3.914021008090819,4.607168188650764,3.8187108282864943,0.691153161953081])",1.0
F233,purpose recognize return finally enter poor sister. nature however drive practice yard thousand. instead story change kid customer hour use both. — shocking claims secret cure surface internet.,"(10000,[387,424,503,527,635,911,1413,1817,2664,3611,3723,3892,4280,4527,5133,5850,6325,6444,6747,6855,7281,7435,7936,8089,8103,8171,8338,8506],[4.019381523748645,4.270695952029551,0.691153161953081,4.270695952029551,4.270695952029551,4.42484663185681,3.8187108282864943,3.7316994512968646,3.7316994512968646,4.830311739964974,4.607168188650764,2.5530444549552183,4.42484663185681,4.019381523748645,5.117993812416755,0.691153161953081,4.019381523748645,5.117993812416755,2.5530444549552183,4.137164559405029,0.6792718340663283,4.42484663185681,0.691153161953081,4.019381523748645,3.914021008090819,4.270695952029551,0.691153161953081,5.117993812416755])",0.0
R223,air case up. meet attack stage whatever. experts discuss ongoing developments climate change.,"(10000,[30,88,796,821,1553,2059,3614,4506,4687,5693,6342,9462,9940],[4.607168188650764,5.117993812416755,3.7316994512968646,2.849310271098391,5.117993812416755,2.7508701982851385,0.6871770135734415,0.691153161953081,0.6832166123573445,4.137164559405029,4.137164559405029,0.691153161953081,3.7316994512968646])",1.0
F224,help statement go maintain throughout month give. institution create even single. site heart tv four piece certainly. benefit modern address mention while. — shocking claims secret cure surface internet.,"(10000,[503,1243,1404,2336,2907,3133,3243,3489,3892,4454,4547,5247,5653,5741,5850,5891,5948,6406,6451,6747,7019,7281,7936,8338,8391,8759,9347,9808,9817],[0.691153161953081,4.607168188650764,4.137164559405029,3.7316994512968646,4.270695952029551,4.137164559405029,3.8187108282864943,4.830311739964974,2.5530444549552183,4.42484663185681,4.42484663185681,4.270695952029551,4.607168188650764,4.830311739964974,0.691153161953081,3.7316994512968646,4.270695952029551,3.914021008090819,3.383392757028649,2.5530444549552183,5.117993812416755,0.6792718340663283,0.691153161953081,0.691153161953081,4.42484663185681,4.607168188650764,3.5085558999826545,3.7316994512968646,3.7316994512968646])",0.0
R181,section program. source phone word since similar man. leg director administration whole take well human. experts discuss ongoing developments climate change.,"(10000,[157,627,821,855,1626,1853,2059,3519,3614,4046,4506,4687,5185,6287,6290,6968,7025,7046,7721,8391,9462],[3.2721671219184243,4.830311739964974,2.849310271098391,3.8187108282864943,4.42484663185681,4.019381523748645,2.7508701982851385,4.137164559405029,0.6871770135734415,5.117993812416755,0.691153161953081,0.6832166123573445,3.4440173788450834,3.914021008090819,4.137164559405029,4.270695952029551,5.523458920524919,4.137164559405029,3.7316994512968646,4.42484663185681,0.691153161953081])",1.0
R056,approach young stand involve century current according. account physical goal sometimes. experts discuss ongoing developments public health.,"(10000,[1144,1770,3095,3614,4506,4687,5089,6219,6271,6886,7809,7841,8649,9187,9189,9462,9907],[4.607168188650764,2.920769235080536,4.607168188650764,0.6871770135734415,0.691153161953081,0.6832166123573445,3.5085558999826545,3.0811118851557153,4.270695952029551,4.42484663185681,4.137164559405029,4.019381523748645,4.42484663185681,4.270695952029551,4.019381523748645,0.691153161953081,5.523458920524919])",1.0
R110,poor design nothing size. past prevent prove mind. many say teach rule. experts discuss ongoing developments education.,"(10000,[3252,3614,3922,4292,4506,4687,5047,5188,5214,5862,6532,6764,7711,8103,8522,9275,9462],[5.117993812416755,0.6871770135734415,3.577548771469606,4.270695952029551,0.691153161953081,0.6832166123573445,2.6902455764687034,4.607168188650764,4.019381523748645,4.607168188650764,5.117993812416755,5.117993812416755,4.42484663185681,3.914021008090819,4.270695952029551,4.42484663185681,0.691153161953081])",1.0
R219,discover series discussion. character hit relate food able they. experts discuss ongoing developments education.,"(10000,[988,1777,3496,3614,4079,4170,4463,4506,4687,4867,5047,8252,8653,9462],[4.42484663185681,5.117993812416755,4.019381523748645,0.6871770135734415,5.117993812416755,3.8187108282864943,3.7316994512968646,0.691153161953081,0.6832166123573445,4.607168188650764,2.6902455764687034,3.914021008090819,4.830311739964974,0.691153161953081])",1.0
R224,total bed pm adult thank since enough eye. toward national choice participant major spring everyone several. experts discuss ongoing developments education.,"(10000,[72,74,1058,1644,1687,2600,3194,3614,4506,4687,4748,5047,5396,6053,6279,6287,7026,7910,8893,9462,9497],[4.019381523748645,5.117993812416755,4.42484663185681,4.137164559405029,4.270695952029551,5.117993812416755,5.117993812416755,0.6871770135734415,0.691153161953081,0.6832166123573445,4.270695952029551,2.6902455764687034,3.914021008090819,3.3262343431887,4.019381523748645,3.914021008090819,4.607168188650764,4.270695952029551,4.137164559405029,0.691153161953081,3.914021008090819])",1.0
F178,bag summer sing. read increase factor send. — shocking claims immortal jellyfish surface internet.,"(10000,[415,503,2066,4066,5850,5952,7281,7650,7936,7963,8338,9481,9561,9876],[4.42484663185681,0.691153161953081,2.7508701982851385,5.117993812416755,0.691153161953081,5.523458920524919,0.6792718340663283,4.607168188650764,0.691153161953081,4.42484663185681,0.691153161953081,4.607168188650764,4.137164559405029,2.7508701982851385])",0.0
F074,protect discover career hair. anyone imagine special. — shocking claims secret cure surface internet.,"(10000,[503,666,3892,4170,4930,5118,5212,5301,5850,6747,7235,7281,7936,8338],[0.691153161953081,4.270695952029551,2.5530444549552183,3.8187108282864943,4.270695952029551,5.117993812416755,5.523458920524919,4.137164559405029,0.691153161953081,2.5530444549552183,5.117993812416755,0.6792718340663283,0.691153161953081,0.691153161953081])",0.0
R034,catch exactly defense stock husband inside choose. job worry throw top next republican. service firm onto director message population. experts discuss ongoing developments budget report.,"(10000,[557,793,1853,2096,2252,2715,3543,3614,4319,4333,4506,4687,4991,5328,5432,5966,6599,7208,7949,8273,8325,8343,8894,9066,9462],[4.137164559405029,4.42484663185681,4.019381523748645,4.42484663185681,4.270695952029551,3.914021008090819,3.577548771469606,0.6871770135734415,3.914021008090819,5.117993812416755,0.691153161953081,0.6832166123573445,2.6330871626287546,3.8187108282864943,2.661258039595451,4.830311739964974,4.830311739964974,3.914021008090819,4.019381523748645,4.270695952029551,4.137164559405029,3.8187108282864943,3.8187108282864943,3.577548771469606,0.691153161953081])",1.0
R095,require easy middle book magazine. letter left impact dream sometimes level good dog. politics bill entire movie fast. experts discuss ongoing developments policy.,"(10000,[393,564,760,1122,1439,1499,1662,1972,2366,2419,3614,4506,4687,4831,5869,5887,6168,6944,8135,8449,8824,9462,9878],[4.137164559405029,4.270695952029551,4.137164559405029,5.117993812416755,4.270695952029551,3.914021008090819,4.137164559405029,3.914021008090819,5.117993812416755,4.830311739964974,0.6871770135734415,0.691153161953081,0.6832166123573445,4.830311739964974,4.607168188650764,4.607168188650764,4.019381523748645,2.7826188965997183,3.914021008090819,4.019381523748645,4.607168188650764,0.691153161953081,4.137164559405029])",1.0
F011,development effort note miss affect travel. land first. check performance current we. — shocking claims aliens surface internet.,"(10000,[503,650,1071,2412,2871,2959,3756,3901,5726,5850,6055,7148,7281,7936,8338,9189,9351,9909],[0.691153161953081,2.958509563063383,4.137164559405029,4.607168188650764,3.914021008090819,5.523458920524919,4.830311739964974,4.607168188650764,4.42484663185681,0.691153161953081,4.270695952029551,3.8187108282864943,0.6792718340663283,0.691153161953081,0.691153161953081,4.019381523748645,4.270695952029551,4.42484663185681])",0.0
R162,former fire final ago mr. boy poor finally degree account option concern friend. true save happen age area. experts discuss ongoing developments policy.,"(10000,[157,1653,1817,1896,1968,3228,3614,4105,4160,4506,4520,4687,4704,5191,5471,6944,7188,8103,8791,9187,9462,9613,9943],[3.2721671219184243,4.137164559405029,3.7316994512968646,3.914021008090819,3.8187108282864943,5.523458920524919,0.6871770135734415,5.117993812416755,4.270695952029551,0.691153161953081,4.270695952029551,0.6832166123573445,4.607168188650764,4.607168188650764,5.523458920524919,2.7826188965997183,4.270695952029551,3.914021008090819,4.270695952029551,4.270695952029551,0.691153161953081,3.914021008090819,5.117993812416755])",1.0
R218,small scientist project. various administration brother star material wife while. experts discuss ongoing developments election.,"(10000,[222,291,3021,3231,3556,3614,4506,4687,5101,5170,5185,6226,6647,8391,9462],[4.270695952029551,3.7316994512968646,4.019381523748645,4.42484663185681,2.7826188965997183,0.6871770135734415,0.691153161953081,0.6832166123573445,5.523458920524919,4.019381523748645,3.4440173788450834,3.8187108282864943,3.914021008090819,4.42484663185681,0.691153161953081])",1.0
F136,professor table growth candidate bag. star customer available. yes collection put young represent development dog. — shocking claims miracle drug surface internet.,"(10000,[320,503,1122,1256,1413,2481,2543,2871,3931,4358,5044,5170,5850,5891,7281,7809,7860,7936,8209,8338,8717,8871],[3.577548771469606,0.691153161953081,5.117993812416755,3.125563647726549,3.8187108282864943,3.914021008090819,3.577548771469606,3.914021008090819,3.5085558999826545,4.607168188650764,3.8187108282864943,4.019381523748645,0.691153161953081,3.7316994512968646,0.6792718340663283,4.137164559405029,2.958509563063383,0.691153161953081,4.137164559405029,0.691153161953081,4.607168188650764,4.137164559405029])",0.0
R108,score often medical total current enter cover. reason care people. south red ten. experts discuss ongoing developments economic growth.,"(10000,[7,52,1927,2944,3166,3614,4506,4687,4816,5310,6279,7435,8268,8867,9034,9144,9189,9415,9462],[4.137164559405029,4.270695952029551,4.270695952029551,3.7316994512968646,4.830311739964974,0.6871770135734415,0.691153161953081,0.6832166123573445,4.019381523748645,4.137164559405029,4.019381523748645,4.42484663185681,3.577548771469606,4.607168188650764,2.920769235080536,2.7200985396183848,4.019381523748645,5.117993812416755,0.691153161953081])",1.0
R186,enough close big marriage news issue fund. much mind final message walk majority catch it. experts discuss ongoing developments research.,"(10000,[524,1653,2433,2715,3048,3184,3497,3614,4506,4687,4748,6142,6229,6616,6623,7066,7805,7949,9244,9462],[3.577548771469606,4.137164559405029,4.019381523748645,3.914021008090819,4.137164559405029,2.8154087194227095,4.607168188650764,0.6871770135734415,0.691153161953081,0.6832166123573445,4.270695952029551,3.914021008090819,3.7316994512968646,4.019381523748645,5.117993812416755,2.8154087194227095,4.830311739964974,4.019381523748645,4.019381523748645,0.691153161953081])",1.0
R248,simple go team central movement dinner. drug ready low identify. experts discuss ongoing developments technology breakthrough.,"(10000,[468,1020,2227,2913,3214,3614,4506,4687,5294,6451,6557,7488,7860,8411,8928,9462],[4.137164559405029,2.6330871626287546,2.7200985396183848,3.914021008090819,5.523458920524919,0.6871770135734415,0.691153161953081,0.6832166123573445,5.117993812416755,3.383392757028649,3.914021008090819,5.117993812416755,2.958509563063383,3.6516567436233283,4.270695952029551,0.691153161953081])",1.0
F045,sometimes beyond similar city contain police war. cover industry nice process. nearly newspaper traditional similar state. — shocking claims immortal jellyfish surface internet.,"(10000,[503,2066,2866,3010,3238,3370,3876,4486,5495,5850,5869,6104,6749,7046,7281,7493,7936,8077,8338,8900,8929,9876],[0.691153161953081,2.7508701982851385,4.830311739964974,4.42484663185681,4.830311739964974,4.019381523748645,4.270695952029551,3.914021008090819,4.270695952029551,0.691153161953081,4.607168188650764,4.137164559405029,4.830311739964974,8.274329118810059,0.6792718340663283,4.019381523748645,0.691153161953081,4.830311739964974,0.691153161953081,4.42484663185681,5.523458920524919,2.7508701982851385])",0.0
F092,company behind cultural new weight. fire marriage different. — shocking claims secret cure surface internet.,"(10000,[288,503,585,942,3409,3892,4346,5191,5850,6229,6747,7281,7936,8338,9233],[5.117993812416755,0.691153161953081,4.270695952029551,3.914021008090819,4.607168188650764,2.5530444549552183,3.7316994512968646,4.607168188650764,0.691153161953081,3.7316994512968646,2.5530444549552183,0.6792718340663283,0.691153161953081,0.691153161953081,4.137164559405029])",0.0
R100,contain still group human mission recent value. knowledge top conference agreement. experts discuss ongoing developments technology breakthrough.,"(10000,[490,1020,2227,3614,3712,4506,4687,5328,5591,5657,6069,7493,7766,7864,8303,9462,9892],[5.117993812416755,2.6330871626287546,2.7200985396183848,0.6871770135734415,4.42484663185681,0.691153161953081,0.6832166123573445,3.8187108282864943,4.270695952029551,4.42484663185681,3.7316994512968646,4.019381523748645,4.270695952029551,4.019381523748645,4.270695952029551,0.691153161953081,4.607168188650764])",1.0
F075,break begin tax adult medical republican. political crime glass commercial sister. — shocking claims miracle drug surface internet.,"(10000,[72,503,668,731,1256,1513,2664,3935,5850,5966,6443,6587,6932,7281,7860,7936,8268,8338],[4.019381523748645,0.691153161953081,4.270695952029551,4.607168188650764,3.125563647726549,4.270695952029551,3.7316994512968646,4.270695952029551,0.691153161953081,4.830311739964974,3.577548771469606,4.019381523748645,4.830311739964974,0.6792718340663283,2.958509563063383,0.691153161953081,3.577548771469606,0.691153161953081])",0.0
R059,drug similar president seven information. happen financial care worker production realize. experts discuss ongoing developments technology breakthrough.,"(10000,[1020,1306,2227,2676,2710,3614,4506,4687,4704,5310,5955,7046,7407,7850,7860,8353,9462],[2.6330871626287546,4.607168188650764,2.7200985396183848,4.607168188650764,4.607168188650764,0.6871770135734415,0.691153161953081,0.6832166123573445,4.607168188650764,4.137164559405029,5.117993812416755,4.137164559405029,4.607168188650764,4.42484663185681,2.958509563063383,3.8187108282864943,0.691153161953081])",1.0
F213,sing total others write truth message. plan teach around take. add song position writer car cause official. — shocking claims hoax surface internet.,"(10000,[316,503,1339,2069,3674,4357,4377,5382,5445,5850,6123,6197,6279,6451,6906,6940,7055,7281,7350,7936,8338,8522,9887],[4.607168188650764,0.691153161953081,4.019381523748645,4.270695952029551,3.7316994512968646,5.117993812416755,2.60568818844064,5.523458920524919,4.607168188650764,0.691153161953081,4.607168188650764,4.607168188650764,4.019381523748645,3.383392757028649,5.117993812416755,3.7316994512968646,5.117993812416755,0.6792718340663283,3.914021008090819,0.691153161953081,0.691153161953081,4.270695952029551,4.270695952029551])",0.0
R233,despite message officer help audience learn. whole take writer although. place behind inside decade. experts discuss ongoing developments education.,"(10000,[627,696,855,997,1035,1301,1312,2715,3614,4346,4506,4687,5047,6390,6852,6906,9066,9347,9462],[4.830311739964974,3.6516567436233283,3.8187108282864943,5.523458920524919,4.607168188650764,4.270695952029551,4.830311739964974,3.914021008090819,0.6871770135734415,3.7316994512968646,0.691153161953081,0.6832166123573445,2.6902455764687034,4.019381523748645,5.117993812416755,5.117993812416755,3.577548771469606,3.5085558999826545,0.691153161953081])",1.0
F072,fill open quickly. system response western rest. actually high result field recently. — shocking claims mind control surface internet.,"(10000,[399,503,524,1031,1208,2116,2445,2989,3184,3818,3996,5783,5850,6447,7074,7281,7936,8338,9727],[4.42484663185681,0.691153161953081,3.577548771469606,4.830311739964974,2.8844015909096608,4.019381523748645,3.914021008090819,5.523458920524919,2.8154087194227095,4.830311739964974,3.8187108282864943,4.019381523748645,0.691153161953081,4.607168188650764,3.2208738275308737,0.6792718340663283,0.691153161953081,0.691153161953081,4.019381523748645])",0.0
R184,commercial brother ago design remember research. color yard with. experts discuss ongoing developments budget report.,"(10000,[291,424,1896,3614,3922,4506,4687,4991,5432,5685,6443,7066,7640,9462,9832],[3.7316994512968646,4.270695952029551,3.914021008090819,0.6871770135734415,3.577548771469606,0.691153161953081,0.6832166123573445,2.6330871626287546,2.661258039595451,3.577548771469606,3.577548771469606,2.8154087194227095,5.523458920524919,0.691153161953081,4.270695952029551])",1.0
F134,rock owner develop across enough. serious million near sometimes. — shocking claims secret cure surface internet.,"(10000,[197,503,574,1117,1144,1241,3892,5850,5974,6053,6747,7074,7281,7936,8338,8651],[5.523458920524919,0.691153161953081,4.607168188650764,3.8187108282864943,4.607168188650764,4.019381523748645,2.5530444549552183,0.691153161953081,3.4440173788450834,3.3262343431887,2.5530444549552183,3.2208738275308737,0.6792718340663283,0.691153161953081,0.691153161953081,4.137164559405029])",0.0
R096,popular left walk put. experts discuss ongoing developments research.,"(10000,[1662,3614,4506,4687,5476,6142,6148,7066,9462],[4.137164559405029,0.6871770135734415,0.691153161953081,0.6832166123573445,5.117993812416755,3.914021008090819,4.270695952029551,2.8154087194227095,0.691153161953081])",1.0
R020,mr everyone cut. center appear hear gun according weight. million eight fish glass. experts discuss ongoing developments policy.,"(10000,[288,1376,1480,2647,3614,4506,4687,4842,4898,6944,7564,8182,8313,8482,8651,8893,9432,9462],[5.117993812416755,4.137164559405029,4.137164559405029,4.137164559405029,0.6871770135734415,0.691153161953081,0.6832166123573445,4.42484663185681,5.523458920524919,2.7826188965997183,4.019381523748645,3.8187108282864943,4.137164559405029,3.8187108282864943,4.137164559405029,4.137164559405029,3.7316994512968646,0.691153161953081])",1.0
R067,major get consider scientist return. recently employee part finally daughter. apply work since job impact very. experts discuss ongoing developments policy.,"(10000,[312,557,1058,1817,1972,2034,3614,4506,4687,6226,6287,6466,6548,6836,6944,7312,8684,8740,9426,9462,9527],[4.42484663185681,4.137164559405029,4.42484663185681,3.7316994512968646,3.914021008090819,4.830311739964974,0.6871770135734415,0.691153161953081,0.6832166123573445,3.8187108282864943,3.914021008090819,4.830311739964974,4.607168188650764,4.607168188650764,2.7826188965997183,4.830311739964974,5.117993812416755,4.137164559405029,4.42484663185681,0.691153161953081,4.270695952029551])",1.0
R215,half necessary shake former issue ready class. support lead way indeed hear doctor still. experts discuss ongoing developments education.,"(10000,[777,1649,1780,2180,3614,4160,4506,4687,4842,4934,5047,5241,5356,6557,6616,7979,8217,9391,9462],[4.830311739964974,5.117993812416755,3.914021008090819,4.607168188650764,0.6871770135734415,4.270695952029551,0.691153161953081,0.6832166123573445,4.42484663185681,5.117993812416755,2.6902455764687034,4.607168188650764,5.117993812416755,3.914021008090819,4.019381523748645,4.607168188650764,4.607168188650764,4.42484663185681,0.691153161953081])",1.0
R127,organization design little matter. thought away something wide sort. experts discuss ongoing developments policy.,"(10000,[55,1364,1590,2836,3614,3737,3922,4506,4687,6944,7968,9311,9462,9826],[4.607168188650764,4.270695952029551,4.607168188650764,3.914021008090819,0.6871770135734415,4.607168188650764,3.577548771469606,0.691153161953081,0.6832166123573445,2.7826188965997183,5.523458920524919,5.117993812416755,0.691153161953081,4.270695952029551])",1.0
R235,beyond generation leader scientist challenge off. lot nice chair hit avoid. experts discuss ongoing developments technology breakthrough.,"(10000,[681,1020,1175,1526,2227,3370,3614,4506,4687,4943,5935,6226,6963,8252,8900,9078,9462],[4.270695952029551,2.6330871626287546,4.830311739964974,4.019381523748645,2.7200985396183848,4.019381523748645,0.6871770135734415,0.691153161953081,0.6832166123573445,4.019381523748645,4.270695952029551,3.8187108282864943,4.019381523748645,3.914021008090819,4.42484663185681,5.117993812416755,0.691153161953081])",1.0
R163,agent quickly herself. change car place heavy among high edge. experts discuss ongoing developments climate change.,"(10000,[387,821,2059,2116,2238,3391,3614,3674,4506,4687,5016,6390,7362,8859,8949,9462],[4.019381523748645,2.849310271098391,2.7508701982851385,4.019381523748645,5.117993812416755,3.914021008090819,0.6871770135734415,3.7316994512968646,0.691153161953081,0.6832166123573445,3.8187108282864943,4.019381523748645,4.42484663185681,4.607168188650764,4.42484663185681,0.691153161953081])",1.0
R002,detail argue quickly occur. popular picture thus sport series wear beautiful especially. sound mission west policy test boy wind. experts discuss ongoing developments education.,"(10000,[157,1143,1273,1770,1978,2481,2516,3391,3614,3730,4142,4463,4506,4687,5047,5085,5684,6069,6148,6166,6581,6586,8278,9462],[3.2721671219184243,3.8187108282864943,3.6516567436233283,2.920769235080536,5.117993812416755,3.914021008090819,5.117993812416755,3.914021008090819,0.6871770135734415,4.830311739964974,4.830311739964974,3.7316994512968646,0.691153161953081,0.6832166123573445,2.6902455764687034,3.5085558999826545,4.019381523748645,3.7316994512968646,4.270695952029551,4.270695952029551,4.607168188650764,4.137164559405029,4.019381523748645,0.691153161953081])",1.0
R021,throw front hit rock fall television. white consumer. usually work. experts discuss ongoing developments education.,"(10000,[360,504,574,1365,2990,3614,3729,4506,4687,5047,5094,5843,8252,8325,9462],[5.523458920524919,4.607168188650764,4.607168188650764,4.830311739964974,4.270695952029551,0.6871770135734415,4.607168188650764,0.691153161953081,0.6832166123573445,2.6902455764687034,5.117993812416755,4.42484663185681,3.914021008090819,4.137164559405029,0.691153161953081])",1.0
R013,onto firm. least yard. experts discuss ongoing developments technology breakthrough.,"(10000,[1020,1059,1634,2227,2551,3614,4319,4506,4687,9462],[2.6330871626287546,5.523458920524919,3.8187108282864943,2.7200985396183848,5.117993812416755,0.6871770135734415,3.914021008090819,0.691153161953081,0.6832166123573445,0.691153161953081])",1.0
F195,hotel score eat cost cell. want tough cut part society respond able. save customer list operation institution time. — shocking claims flat earth surface internet.,"(10000,[327,503,1206,1413,1927,2500,2663,2918,3243,4490,4520,5276,5447,5850,5922,7276,7281,7712,7936,8338,8549,8728,8730,8740,9676],[5.117993812416755,0.691153161953081,4.830311739964974,3.8187108282864943,4.270695952029551,4.270695952029551,4.019381523748645,3.0385522707369192,3.8187108282864943,4.019381523748645,4.270695952029551,4.830311739964974,3.6516567436233283,0.691153161953081,4.270695952029551,4.830311739964974,0.6792718340663283,4.42484663185681,0.691153161953081,0.691153161953081,5.117993812416755,3.2208738275308737,5.117993812416755,4.137164559405029,3.0385522707369192])",0.0
R101,according situation final dark television method. health deep certain six address. former others hold traditional can. experts discuss ongoing developments research.,"(10000,[697,1247,1259,1653,1762,2389,3136,3614,4160,4486,4506,4687,5401,6940,7066,7564,8463,8713,8805,9288,9462],[4.607168188650764,5.523458920524919,4.270695952029551,4.137164559405029,3.6516567436233283,4.42484663185681,4.607168188650764,0.6871770135734415,4.270695952029551,3.914021008090819,0.691153161953081,0.6832166123573445,4.270695952029551,3.7316994512968646,2.8154087194227095,4.019381523748645,5.523458920524919,4.137164559405029,4.270695952029551,4.019381523748645,0.691153161953081])",1.0
R055,spring example foreign morning. central include require number wonder allow police. experts discuss ongoing developments research.,"(10000,[1644,2953,3614,4115,4391,4506,4687,4723,4835,6206,7066,8449,8519,8928,9462,9606],[4.137164559405029,4.270695952029551,0.6871770135734415,5.117993812416755,4.270695952029551,0.691153161953081,0.6832166123573445,4.42484663185681,4.42484663185681,4.270695952029551,2.8154087194227095,4.019381523748645,4.830311739964974,4.270695952029551,0.691153161953081,4.42484663185681])",1.0
F190,like reflect fast put data law media. everything whatever husband treat. — shocking claims secret cure surface internet.,"(10000,[503,1695,3248,3330,3892,3979,5321,5850,6747,7208,7281,7695,7936,8338,8871,9066,9156,9263],[0.691153161953081,4.137164559405029,5.117993812416755,4.019381523748645,2.5530444549552183,4.270695952029551,4.607168188650764,0.691153161953081,2.5530444549552183,3.914021008090819,0.6792718340663283,4.830311739964974,0.691153161953081,0.691153161953081,4.137164559405029,3.577548771469606,3.914021008090819,4.830311739964974])",0.0
R004,order movie beautiful raise. nature among onto sea standard answer clearly get. player detail year alone know recently. site choose attention doctor. experts discuss ongoing developments education.,"(10000,[1031,1143,1226,1273,1439,2147,2492,2967,3144,3611,3614,3619,4319,4506,4687,5047,5891,6604,7229,7362,7593,7779,8238,8899,9462,9617,9706],[4.830311739964974,3.8187108282864943,4.270695952029551,3.6516567436233283,4.270695952029551,5.117993812416755,3.7316994512968646,4.42484663185681,3.7316994512968646,4.830311739964974,0.6871770135734415,4.42484663185681,3.914021008090819,0.691153161953081,0.6832166123573445,2.6902455764687034,3.7316994512968646,4.019381523748645,5.117993812416755,4.42484663185681,4.830311739964974,4.019381523748645,4.019381523748645,4.019381523748645,0.691153161953081,4.019381523748645,4.42484663185681])",1.0
F080,avoid draw operation significant. — shocking claims celebrity scandal surface internet.,"(10000,[503,1388,2126,3486,4921,5850,5922,7281,7936,8167,8338],[0.691153161953081,3.8187108282864943,4.607168188650764,2.849310271098391,2.849310271098391,0.691153161953081,4.270695952029551,0.6792718340663283,0.691153161953081,4.607168188650764,0.691153161953081])",0.0
F049,take seek bar mr fill organization. international concern front push worry expert receive. — shocking claims hoax surface internet.,"(10000,[171,188,503,504,855,914,1968,2647,2687,4377,5850,5978,7281,7332,7936,8270,8338,8343,9727],[3.7316994512968646,3.914021008090819,0.691153161953081,4.607168188650764,3.8187108282864943,3.914021008090819,3.8187108282864943,4.137164559405029,4.607168188650764,2.60568818844064,0.691153161953081,4.137164559405029,0.6792718340663283,4.270695952029551,0.691153161953081,5.117993812416755,0.691153161953081,3.8187108282864943,4.019381523748645])",0.0
F184,kind training field share where. suggest heart boy particular expert treatment few. — shocking claims secret cure surface internet.,"(10000,[157,503,682,914,3892,3947,4522,5850,6044,6747,7074,7281,7538,7816,7936,8015,8338,8984,9808],[3.2721671219184243,0.691153161953081,5.117993812416755,3.914021008090819,2.5530444549552183,4.137164559405029,4.830311739964974,0.691153161953081,4.830311739964974,2.5530444549552183,3.2208738275308737,0.6792718340663283,3.914021008090819,4.830311739964974,0.691153161953081,4.830311739964974,0.691153161953081,4.137164559405029,3.7316994512968646])",0.0
F030,various fly difference mother read. serious represent baby condition. brother true assume join water. — shocking claims secret cure surface internet.,"(10000,[291,354,503,1117,1348,2664,3892,3973,5850,5944,6647,6747,7188,7281,7723,7866,7936,8338,8717,8952,9459],[3.7316994512968646,4.137164559405029,0.691153161953081,3.8187108282864943,4.137164559405029,3.7316994512968646,2.5530444549552183,4.830311739964974,0.691153161953081,4.137164559405029,3.914021008090819,2.5530444549552183,4.270695952029551,0.6792718340663283,5.117993812416755,4.42484663185681,0.691153161953081,0.691153161953081,4.607168188650764,4.270695952029551,4.830311739964974])",0.0
R213,positive stop focus administration enjoy college. particularly opportunity position firm. method concern card meet walk color learn. voice move recent improve professor realize. experts discuss ongoing developments budget report.,"(10000,[1,796,1035,1339,1805,1968,2144,2408,2543,2551,2710,3530,3614,3931,4506,4687,4991,5185,5432,5591,6015,6142,6282,6443,6976,9462,9578,9832,9940],[4.137164559405029,3.7316994512968646,4.607168188650764,4.019381523748645,5.523458920524919,3.8187108282864943,4.607168188650764,3.914021008090819,3.577548771469606,5.117993812416755,4.607168188650764,4.270695952029551,0.6871770135734415,3.5085558999826545,0.691153161953081,0.6832166123573445,2.6330871626287546,3.4440173788450834,2.661258039595451,4.270695952029551,4.137164559405029,3.914021008090819,4.137164559405029,3.577548771469606,3.8187108282864943,0.691153161953081,5.523458920524919,4.270695952029551,3.7316994512968646])",1.0
F128,loss hard face smile real build. tax knowledge notice agency. stuff save knowledge plant road full short magazine. — shocking claims immortal jellyfish surface internet.,"(10000,[503,1051,1262,1525,2066,2419,2713,4034,4520,5125,5329,5598,5725,5850,6587,7244,7281,7722,7864,7936,8338,8897,9691,9876],[0.691153161953081,4.607168188650764,4.137164559405029,4.019381523748645,2.7508701982851385,4.830311739964974,4.270695952029551,4.270695952029551,4.270695952029551,4.019381523748645,4.137164559405029,5.117993812416755,4.42484663185681,0.691153161953081,4.019381523748645,3.7316994512968646,0.6792718340663283,4.137164559405029,8.03876304749729,0.691153161953081,0.691153161953081,3.8187108282864943,4.137164559405029,2.7508701982851385])",0.0
R231,approach long wait appear member forget. speak able morning produce. experts discuss ongoing developments policy.,"(10000,[497,3095,3160,3496,3614,4506,4687,4732,5477,6790,6944,8182,8904,9462,9927],[5.523458920524919,4.607168188650764,4.270695952029551,4.019381523748645,0.6871770135734415,0.691153161953081,0.6832166123573445,3.914021008090819,4.607168188650764,3.7316994512968646,2.7826188965997183,3.8187108282864943,4.270695952029551,0.691153161953081,5.523458920524919])",1.0
R061,dark interesting require dinner quite. foreign free even financial day section range cover. officer customer main here. experts discuss ongoing developments technology breakthrough.,"(10000,[165,696,697,1020,1073,1413,1637,2227,2240,3614,3634,4506,4687,6206,6406,6968,7008,7407,8449,8867,8878,9133,9462],[4.270695952029551,3.6516567436233283,4.607168188650764,2.6330871626287546,4.42484663185681,3.8187108282864943,4.830311739964974,2.7200985396183848,4.830311739964974,0.6871770135734415,4.019381523748645,0.691153161953081,0.6832166123573445,4.270695952029551,3.914021008090819,4.270695952029551,5.523458920524919,4.607168188650764,4.019381523748645,4.607168188650764,5.117993812416755,3.8187108282864943,0.691153161953081])",1.0
R137,wind series strong property collection right. race half ago law hour. experts discuss ongoing developments education.,"(10000,[454,1780,1896,2558,2660,2733,3614,3979,4463,4506,4687,5047,6355,7825,8209,9462],[3.7316994512968646,3.914021008090819,3.914021008090819,4.270695952029551,5.117993812416755,4.137164559405029,0.6871770135734415,4.270695952029551,3.7316994512968646,0.691153161953081,0.6832166123573445,2.6902455764687034,4.42484663185681,5.117993812416755,4.137164559405029,0.691153161953081])",1.0
R185,minute laugh standard or. live economic great. experts discuss ongoing developments technology breakthrough.,"(10000,[493,1020,2227,2967,3357,3614,4506,4687,6591,7098,9144,9462,9718],[4.019381523748645,2.6330871626287546,2.7200985396183848,4.42484663185681,4.137164559405029,0.6871770135734415,0.691153161953081,0.6832166123573445,5.117993812416755,3.383392757028649,2.7200985396183848,0.691153161953081,5.117993812416755])",1.0
R204,along bed peace place change great. despite politics page hit per. partner year think wrong picture. experts discuss ongoing developments technology breakthrough.,"(10000,[116,387,1020,1236,1301,2227,2335,2827,2840,2887,3614,4506,4687,5887,6390,6512,6591,6697,8252,8899,9462,9497],[4.137164559405029,4.019381523748645,2.6330871626287546,4.607168188650764,4.270695952029551,2.7200985396183848,3.914021008090819,4.137164559405029,4.607168188650764,4.830311739964974,0.6871770135734415,0.691153161953081,0.6832166123573445,4.607168188650764,4.019381523748645,4.270695952029551,5.117993812416755,3.4440173788450834,3.914021008090819,4.019381523748645,0.691153161953081,3.914021008090819])",1.0
F217,democratic either clearly. side moment security report factor perform still. ago member individual finally source. — shocking claims immortal jellyfish surface internet.,"(10000,[503,1098,1649,1817,1896,1985,2066,2634,3401,3707,5606,5850,6505,6790,7281,7936,8338,8614,9126,9561,9781,9876],[0.691153161953081,3.914021008090819,5.117993812416755,3.7316994512968646,3.914021008090819,5.523458920524919,2.7508701982851385,4.270695952029551,4.270695952029551,5.117993812416755,4.019381523748645,0.691153161953081,4.270695952029551,3.7316994512968646,0.6792718340663283,0.691153161953081,0.691153161953081,4.42484663185681,4.137164559405029,4.137164559405029,4.607168188650764,2.7508701982851385])",0.0
F176,form three seat individual. race watch skill visit leg book. — shocking claims miracle drug surface internet.,"(10000,[47,454,503,698,1256,2708,3188,3226,5621,5850,5925,6290,7281,7860,7936,8338,9968],[4.019381523748645,3.7316994512968646,0.691153161953081,4.137164559405029,3.125563647726549,3.6516567436233283,4.830311739964974,5.523458920524919,4.019381523748645,0.691153161953081,4.42484663185681,4.137164559405029,0.6792718340663283,2.958509563063383,0.691153161953081,0.691153161953081,4.830311739964974])",0.0
R245,half idea left participant bed. experts discuss ongoing developments technology breakthrough.,"(10000,[1020,1662,1780,2227,3614,4506,4687,5396,5958,9166,9462],[2.6330871626287546,4.137164559405029,3.914021008090819,2.7200985396183848,0.6871770135734415,0.691153161953081,0.6832166123573445,3.914021008090819,4.137164559405029,4.830311739964974,0.691153161953081])",1.0
R104,time son firm relationship. particular interest sister scene film. experts discuss ongoing developments election.,"(10000,[70,209,1320,3521,3556,3614,4506,4687,5183,5844,8157,8894,8984,9462],[3.914021008090819,4.019381523748645,5.523458920524919,4.019381523748645,2.7826188965997183,0.6871770135734415,0.691153161953081,0.6832166123573445,5.523458920524919,4.137164559405029,3.914021008090819,3.8187108282864943,4.137164559405029,0.691153161953081])",1.0
F156,product push great book ready. executive significant modern office common enjoy. world thousand. daughter receive. — shocking claims flat earth surface internet.,"(10000,[393,447,503,750,2336,2687,2918,3978,5850,5978,6332,6444,6847,7281,7623,7936,8338,8344,8552,9360,9676,9966],[4.137164559405029,3.914021008090819,0.691153161953081,4.830311739964974,3.7316994512968646,4.607168188650764,3.0385522707369192,4.607168188650764,0.691153161953081,4.137164559405029,3.914021008090819,5.117993812416755,5.523458920524919,0.6792718340663283,4.42484663185681,0.691153161953081,0.691153161953081,4.137164559405029,4.42484663185681,4.019381523748645,3.0385522707369192,4.270695952029551])",0.0
R194,likely worker attention sound among. west watch institution picture. experts discuss ongoing developments election.,"(10000,[309,2071,2676,2708,2887,3144,3243,3556,3614,4506,4687,5085,6166,9462],[4.270695952029551,5.117993812416755,4.607168188650764,3.6516567436233283,4.830311739964974,3.7316994512968646,3.8187108282864943,2.7826188965997183,0.6871770135734415,0.691153161953081,0.6832166123573445,3.5085558999826545,4.270695952029551,0.691153161953081])",1.0
R161,always country bag travel design adult. theory resource meeting behind stock. catch hand detail group. experts discuss ongoing developments technology breakthrough.,"(10000,[20,415,1020,1143,1468,1670,2227,3423,3614,3922,4346,4506,4644,4687,7268,7870,7904,7949,8681,9011,9462],[4.270695952029551,4.42484663185681,2.6330871626287546,3.8187108282864943,4.607168188650764,4.137164559405029,2.7200985396183848,4.137164559405029,0.6871770135734415,3.577548771469606,3.7316994512968646,0.691153161953081,4.607168188650764,0.6832166123573445,4.830311739964974,4.830311739964974,5.117993812416755,4.019381523748645,5.117993812416755,4.270695952029551,0.691153161953081])",1.0
F113,oil drug gas tree box. exist never television perhaps direction real than. throughout teacher foreign. — shocking claims immortal jellyfish surface internet.,"(10000,[281,503,1259,1822,2066,3822,5607,5850,5871,5948,6035,6602,7281,7860,7936,8338,8554,8708,8713,8774,9691,9876],[3.8187108282864943,0.691153161953081,4.270695952029551,4.830311739964974,2.7508701982851385,5.117993812416755,4.270695952029551,0.691153161953081,4.270695952029551,4.270695952029551,3.5085558999826545,4.270695952029551,0.6792718340663283,2.958509563063383,0.691153161953081,0.691153161953081,3.7316994512968646,3.8187108282864943,4.137164559405029,5.117993812416755,4.137164559405029,2.7508701982851385])",0.0
F150,behavior guy public. reality billion today leader region. former data go try. — shocking claims hoax surface internet.,"(10000,[94,258,503,613,680,735,1526,1695,3960,4160,4377,5850,6451,7281,7936,8338,8366,9806],[4.42484663185681,4.270695952029551,0.691153161953081,4.019381523748645,4.019381523748645,4.830311739964974,4.019381523748645,4.137164559405029,5.523458920524919,4.270695952029551,2.60568818844064,0.691153161953081,3.383392757028649,0.6792718340663283,0.691153161953081,0.691153161953081,5.523458920524919,4.019381523748645])",0.0
F047,finally probably buy manager national. marriage wrong language wait subject father. ground special bad week song through. — shocking claims miracle drug surface internet.,"(10000,[80,503,781,1055,1256,1652,1716,1817,2297,5122,5477,5850,6229,6487,6512,7281,7350,7682,7860,7936,7956,8338,8655,9132],[4.830311739964974,0.691153161953081,5.523458920524919,4.607168188650764,3.125563647726549,4.270695952029551,3.8187108282864943,3.7316994512968646,4.607168188650764,4.42484663185681,4.607168188650764,0.691153161953081,3.7316994512968646,3.4440173788450834,4.270695952029551,0.6792718340663283,3.914021008090819,4.270695952029551,2.958509563063383,0.691153161953081,4.607168188650764,0.691153161953081,4.830311739964974,5.523458920524919])",0.0
F008,may wind voice turn. model end story city. — shocking claims hoax surface internet.,"(10000,[206,453,503,2558,3334,3530,4377,5850,6855,7102,7281,7936,8338,9160],[5.523458920524919,5.117993812416755,0.691153161953081,4.270695952029551,5.117993812416755,4.270695952029551,2.60568818844064,0.691153161953081,4.137164559405029,4.270695952029551,0.6792718340663283,0.691153161953081,0.691153161953081,4.830311739964974])",0.0
F229,carry challenge news first clear. collection force official tree south. — shocking claims aliens surface internet.,"(10000,[391,454,503,650,1401,2433,4640,5850,5871,5935,6403,7281,7936,8209,8338,8485],[4.42484663185681,3.7316994512968646,0.691153161953081,2.958509563063383,4.607168188650764,4.019381523748645,5.117993812416755,0.691153161953081,4.270695952029551,4.270695952029551,4.137164559405029,0.6792718340663283,0.691153161953081,4.137164559405029,0.691153161953081,4.270695952029551])",0.0
R001,decide water set page interesting. open deep model meet possible cell. experts discuss ongoing developments research.,"(10000,[109,1762,2589,2827,3614,4506,4687,5342,5783,6100,7066,7102,8293,8549,9462,9940],[5.523458920524919,3.6516567436233283,3.914021008090819,4.137164559405029,0.6871770135734415,0.691153161953081,0.6832166123573445,4.270695952029551,4.019381523748645,4.137164559405029,2.8154087194227095,4.270695952029551,4.270695952029551,5.117993812416755,0.691153161953081,3.7316994512968646])",1.0
R241,officer area sit movie. experts discuss ongoing developments public health.,"(10000,[696,1770,3614,4506,4687,4715,5649,6219,6946,9462],[3.6516567436233283,2.920769235080536,0.6871770135734415,0.691153161953081,0.6832166123573445,4.830311739964974,3.8187108282864943,3.0811118851557153,4.019381523748645,0.691153161953081])",1.0
R198,ground person owner current understand. certain partner near. experts discuss ongoing developments climate change.,"(10000,[116,821,2059,3249,3614,4506,4687,6053,6487,6817,8413,9189,9288,9462],[4.137164559405029,2.849310271098391,2.7508701982851385,3.2721671219184243,0.6871770135734415,0.691153161953081,0.6832166123573445,3.3262343431887,3.4440173788450834,5.117993812416755,3.6516567436233283,4.019381523748645,4.019381523748645,0.691153161953081])",1.0
R229,want tree buy establish alone course maybe list. although several discover avoid cold open last. experts discuss ongoing developments research.,"(10000,[80,1388,2492,2923,3039,3614,3652,3920,4170,4506,4687,4818,5783,5871,7066,7712,7779,8961,9227,9462],[4.830311739964974,3.8187108282864943,3.7316994512968646,4.270695952029551,5.117993812416755,0.6871770135734415,4.42484663185681,4.270695952029551,3.8187108282864943,0.691153161953081,0.6832166123573445,4.270695952029551,4.019381523748645,4.270695952029551,2.8154087194227095,4.42484663185681,4.019381523748645,5.523458920524919,5.117993812416755,0.691153161953081])",1.0
R205,music boy leg name great pattern. yeah mouth pull challenge officer foreign hold. feel every west billion. experts discuss ongoing developments public health.,"(10000,[15,23,157,629,696,750,1770,3115,3249,3614,4506,4687,5085,5935,6206,6219,6290,6370,6597,7497,8326,9462,9681],[4.019381523748645,5.117993812416755,3.2721671219184243,4.607168188650764,3.6516567436233283,4.830311739964974,2.920769235080536,4.607168188650764,3.2721671219184243,0.6871770135734415,0.691153161953081,0.6832166123573445,3.5085558999826545,4.270695952029551,4.270695952029551,3.0811118851557153,4.137164559405029,4.607168188650764,5.523458920524919,4.830311739964974,4.607168188650764,0.691153161953081,3.7316994512968646])",1.0
F123,spring rate sense important middle imagine. material brother series religious. — shocking claims celebrity scandal surface internet.,"(10000,[253,291,503,1644,1967,3231,3486,4463,4921,5447,5850,7281,7936,8338,8444,9026,9878],[4.019381523748645,3.7316994512968646,0.691153161953081,4.137164559405029,4.270695952029551,4.42484663185681,2.849310271098391,3.7316994512968646,2.849310271098391,3.6516567436233283,0.691153161953081,0.6792718340663283,0.691153161953081,0.691153161953081,5.523458920524919,5.117993812416755,4.137164559405029])",0.0
F043,good these. least action avoid. white rather east. — shocking claims celebrity scandal surface internet.,"(10000,[503,1167,1175,1634,2837,3486,4921,5678,5843,5850,6168,6633,7281,7936,8338],[0.691153161953081,4.607168188650764,4.830311739964974,3.8187108282864943,4.42484663185681,2.849310271098391,2.849310271098391,5.523458920524919,4.42484663185681,0.691153161953081,4.019381523748645,4.42484663185681,0.6792718340663283,0.691153161953081,0.691153161953081])",0.0
F097,image defense never direction star fall. write couple realize officer. security quality though. — shocking claims celebrity scandal surface internet.,"(10000,[281,503,1582,2634,3486,3488,3506,3543,4921,5170,5303,5445,5850,6511,7281,7702,7936,8338,8554,9012],[3.8187108282864943,0.691153161953081,4.270695952029551,4.270695952029551,2.849310271098391,5.117993812416755,4.270695952029551,3.577548771469606,2.849310271098391,4.019381523748645,4.607168188650764,4.607168188650764,0.691153161953081,5.117993812416755,0.6792718340663283,4.270695952029551,0.691153161953081,0.691153161953081,3.7316994512968646,5.117993812416755])",0.0
R014,become realize individual suddenly deal project various well. material day stay when. create forward animal story trade operation admit. experts discuss ongoing developments research.,"(10000,[419,433,1404,1433,1582,2230,3231,3614,3761,4506,4687,5922,6422,6647,6855,7066,7090,7360,8411,8581,8614,8833,9133,9462],[4.137164559405029,4.42484663185681,4.137164559405029,4.137164559405029,4.270695952029551,3.8187108282864943,4.42484663185681,0.6871770135734415,4.607168188650764,0.691153161953081,0.6832166123573445,4.270695952029551,5.117993812416755,3.914021008090819,4.137164559405029,2.8154087194227095,4.270695952029551,3.8187108282864943,3.6516567436233283,4.607168188650764,4.42484663185681,5.117993812416755,3.8187108282864943,0.691153161953081])",1.0
F005,interview break run. level price ago evening some. join break miss example data science. — shocking claims flat earth surface internet.,"(10000,[503,668,1071,1499,1695,1738,1896,2918,3334,5286,5850,6035,7183,7281,7912,7936,8338,8952,9606,9676],[0.691153161953081,8.541391904059102,4.137164559405029,3.914021008090819,4.137164559405029,4.42484663185681,3.914021008090819,3.0385522707369192,5.117993812416755,3.7316994512968646,0.691153161953081,3.5085558999826545,5.523458920524919,0.6792718340663283,5.523458920524919,0.691153161953081,0.691153161953081,4.270695952029551,4.42484663185681,3.0385522707369192])",0.0
R234,traditional tv customer rule law join if. performance fear whole. alone task apply. experts discuss ongoing developments research.,"(10000,[343,1392,1413,2492,3073,3614,3979,4486,4506,4547,4687,6259,7066,8451,8952,9351,9462,9513],[4.137164559405029,5.117993812416755,3.8187108282864943,3.7316994512968646,4.607168188650764,0.6871770135734415,4.270695952029551,3.914021008090819,0.691153161953081,4.42484663185681,0.6832166123573445,5.523458920524919,2.8154087194227095,4.019381523748645,4.270695952029551,4.270695952029551,0.691153161953081,4.607168188650764])",1.0
F143,traditional little get weight direction something. evening across quality including time several. — shocking claims aliens surface internet.,"(10000,[74,503,650,1590,3506,4240,4486,5286,5850,7074,7281,7334,7936,8004,8157,8338,8554,9426],[5.117993812416755,0.691153161953081,2.958509563063383,4.607168188650764,4.270695952029551,5.117993812416755,3.914021008090819,3.7316994512968646,0.691153161953081,3.2208738275308737,0.6792718340663283,3.914021008090819,0.691153161953081,3.914021008090819,3.914021008090819,0.691153161953081,3.7316994512968646,4.42484663185681])",0.0
R073,account employee produce sister nice hand cause. relationship none significant. experts discuss ongoing developments economic growth.,"(10000,[1648,2126,3370,3423,3521,3614,4260,4506,4687,6548,7070,9034,9144,9187,9462,9831],[4.270695952029551,4.607168188650764,4.019381523748645,4.137164559405029,4.019381523748645,0.6871770135734415,3.7316994512968646,0.691153161953081,0.6832166123573445,4.607168188650764,5.523458920524919,2.920769235080536,2.7200985396183848,4.270695952029551,0.691153161953081,4.270695952029551])",1.0
R239,fight value act everything. seat high eat attention second upon small speak. attack option analysis. experts discuss ongoing developments education.,"(10000,[47,222,2116,2526,3144,3614,4442,4506,4687,5047,5693,5750,6421,6735,6928,7276,7403,9256,9462,9613],[4.019381523748645,4.270695952029551,4.019381523748645,3.6516567436233283,3.7316994512968646,0.6871770135734415,5.523458920524919,0.691153161953081,0.6832166123573445,2.6902455764687034,4.137164559405029,4.830311739964974,5.117993812416755,4.607168188650764,5.117993812416755,4.830311739964974,4.270695952029551,4.607168188650764,0.691153161953081,3.914021008090819])",1.0
F181,business poor election seat plant analysis. need event compare bag. defense memory. — shocking claims aliens surface internet.,"(10000,[47,132,503,650,3543,5374,5850,5891,6079,6421,6537,7244,7281,7728,7936,8103,8338,9246],[4.019381523748645,4.42484663185681,0.691153161953081,2.958509563063383,3.577548771469606,4.019381523748645,0.691153161953081,3.7316994512968646,4.607168188650764,5.117993812416755,4.42484663185681,3.7316994512968646,0.6792718340663283,4.830311739964974,0.691153161953081,3.914021008090819,0.691153161953081,5.117993812416755])",0.0
R138,tend billion stand every. eight write democratic project add new get. experts discuss ongoing developments election.,"(10000,[258,585,1810,2147,2230,3556,3614,4506,4687,5445,5606,6886,8482,8997,9462,9887],[4.270695952029551,4.270695952029551,4.830311739964974,5.117993812416755,3.8187108282864943,2.7826188965997183,0.6871770135734415,0.691153161953081,0.6832166123573445,4.607168188650764,4.019381523748645,4.42484663185681,3.8187108282864943,4.137164559405029,0.691153161953081,4.270695952029551])",1.0
R172,owner either case economic. experts discuss ongoing developments economic growth.,"(10000,[2007,3614,4506,4687,6053,6342,9034,9126,9144,9462],[4.830311739964974,0.6871770135734415,0.691153161953081,0.6832166123573445,3.3262343431887,4.137164559405029,2.920769235080536,4.137164559405029,2.7200985396183848,0.691153161953081])",1.0
R143,technology let day two yeah. contain kitchen nothing wish police. experts discuss ongoing developments policy.,"(10000,[495,756,1020,3614,4292,4391,4506,4687,4728,6944,7493,8134,8267,9133,9462],[4.42484663185681,4.42484663185681,2.6330871626287546,0.6871770135734415,4.270695952029551,4.270695952029551,0.691153161953081,0.6832166123573445,4.137164559405029,2.7826188965997183,4.019381523748645,5.117993812416755,4.42484663185681,3.8187108282864943,0.691153161953081])",1.0
F166,official unit describe play provide cover. social american police baby camera. — shocking claims mind control surface internet.,"(10000,[503,823,1208,1348,2173,3184,3192,3876,5850,5946,6335,7085,7281,7652,7936,8338,8485,8867],[0.691153161953081,3.6516567436233283,2.8844015909096608,4.137164559405029,4.137164559405029,2.8154087194227095,3.8187108282864943,4.270695952029551,0.691153161953081,4.270695952029551,3.7316994512968646,4.137164559405029,0.6792718340663283,4.607168188650764,0.691153161953081,0.691153161953081,4.270695952029551,4.607168188650764])",0.0
R003,think baby hand still despite. first actually top no. grow stock never sense development. experts discuss ongoing developments budget report.,"(10000,[281,793,913,1348,2335,2404,2470,3423,3614,3712,4330,4506,4687,4991,5328,5432,5447,6403,6447,9462],[3.8187108282864943,4.42484663185681,4.830311739964974,4.137164559405029,3.914021008090819,4.42484663185681,5.523458920524919,4.137164559405029,0.6871770135734415,4.42484663185681,4.830311739964974,0.691153161953081,0.6832166123573445,2.6330871626287546,3.8187108282864943,2.661258039595451,3.6516567436233283,4.137164559405029,4.607168188650764,0.691153161953081])",1.0
R167,stop officer blood physical know. black garden hand yard forward. experts discuss ongoing developments climate change.,"(10000,[424,696,796,821,843,1886,1948,2059,2359,3423,3614,4506,4687,5936,8649,9462],[4.270695952029551,3.6516567436233283,3.7316994512968646,2.849310271098391,5.117993812416755,5.117993812416755,4.607168188650764,2.7508701982851385,4.019381523748645,4.137164559405029,0.6871770135734415,0.691153161953081,0.6832166123573445,4.137164559405029,4.42484663185681,0.691153161953081])",1.0
R183,young reason environment. two design surface possible red community win. outside skill pattern benefit appear. laugh focus church able start much. experts discuss ongoing developments climate change.,"(10000,[52,617,821,1273,1952,2059,2944,2996,3496,3614,3922,3931,4506,4687,4728,5089,5653,6100,6436,7098,7281,7634,7809,8174,8568,9462,9968],[4.270695952029551,4.019381523748645,2.849310271098391,3.6516567436233283,5.117993812416755,2.7508701982851385,3.7316994512968646,4.137164559405029,4.019381523748645,0.6871770135734415,3.577548771469606,3.5085558999826545,0.691153161953081,0.6832166123573445,4.137164559405029,3.5085558999826545,4.607168188650764,4.137164559405029,4.830311739964974,3.383392757028649,0.6792718340663283,5.117993812416755,4.137164559405029,3.914021008090819,3.914021008090819,0.691153161953081,4.830311739964974])",1.0
R238,allow vote third stuff. figure list college pretty drive bad. experts discuss ongoing developments technology breakthrough.,"(10000,[1020,2227,2825,3614,3919,3935,4110,4506,4687,4835,6325,8057,8728,8771,9214,9462],[2.6330871626287546,2.7200985396183848,5.523458920524919,0.6871770135734415,4.270695952029551,4.270695952029551,4.270695952029551,0.691153161953081,0.6832166123573445,4.42484663185681,4.019381523748645,4.607168188650764,3.2208738275308737,4.019381523748645,4.830311739964974,0.691153161953081])",1.0
R041,step rule generation growth level serve. alone right sing space officer skill. production pick take window training. experts discuss ongoing developments election.,"(10000,[320,343,696,855,1499,1558,1790,2403,2492,2764,3556,3614,4506,4687,6241,6451,6963,7160,7372,8353,9188,9462],[3.577548771469606,4.137164559405029,3.6516567436233283,3.8187108282864943,3.914021008090819,4.42484663185681,4.019381523748645,3.8187108282864943,3.7316994512968646,5.523458920524919,2.7826188965997183,0.6871770135734415,0.691153161953081,0.6832166123573445,5.117993812416755,3.383392757028649,4.019381523748645,5.523458920524919,4.270695952029551,3.8187108282864943,4.607168188650764,0.691153161953081])",1.0
F237,impact particularly step ok fight think store. much money keep ball. — shocking claims government cover-up surface internet.,"(10000,[503,524,1558,1972,2259,2335,2526,2645,5850,5947,6103,6443,7281,7443,7936,8338,9594,9813],[0.691153161953081,3.577548771469606,4.42484663185681,3.914021008090819,2.920769235080536,3.914021008090819,3.6516567436233283,4.42484663185681,0.691153161953081,5.117993812416755,4.137164559405029,3.577548771469606,0.6792718340663283,4.137164559405029,0.691153161953081,0.691153161953081,4.42484663185681,2.997730276216664])",0.0
R086,personal offer recognize individual. experts discuss ongoing developments research.,"(10000,[2958,3188,3614,4506,4687,7066,7939,8171,9462],[3.914021008090819,4.830311739964974,0.6871770135734415,0.691153161953081,0.6832166123573445,2.8154087194227095,5.117993812416755,4.270695952029551,0.691153161953081])",1.0
R240,movie bill surface film administration win approach. free home lay person response win. experts discuss ongoing developments policy.,"(10000,[1073,1439,2398,2445,3249,3365,3614,4475,4506,4687,5003,5185,6434,6436,6944,7281,8135,9462],[4.42484663185681,4.270695952029551,4.270695952029551,3.914021008090819,3.2721671219184243,4.830311739964974,0.6871770135734415,4.42484663185681,0.691153161953081,0.6832166123573445,5.117993812416755,3.4440173788450834,5.117993812416755,4.830311739964974,2.7826188965997183,0.6792718340663283,3.914021008090819,0.691153161953081])",1.0
R133,region focus determine industry realize. experts discuss ongoing developments public health.,"(10000,[1770,2710,3010,3614,3931,4506,4687,6219,7734,8159,9462],[2.920769235080536,4.607168188650764,4.42484663185681,0.6871770135734415,3.5085558999826545,0.691153161953081,0.6832166123573445,3.0811118851557153,4.607168188650764,3.914021008090819,0.691153161953081])",1.0
F044,true heart series lay gas coach add hard. hear teach half idea. investment reason serve dark. — shocking claims hoax surface internet.,"(10000,[503,1375,1562,1725,1780,2117,2944,3514,4377,4463,4475,4842,5607,5850,6717,7188,7281,7936,8338,8522,9808,9887],[0.691153161953081,5.117993812416755,4.42484663185681,4.270695952029551,3.914021008090819,5.117993812416755,3.7316994512968646,4.270695952029551,2.60568818844064,3.7316994512968646,4.42484663185681,4.42484663185681,4.270695952029551,0.691153161953081,5.523458920524919,4.270695952029551,0.6792718340663283,0.691153161953081,0.691153161953081,4.270695952029551,3.7316994512968646,4.270695952029551])",0.0
F125,take half environment consider pretty those. whose throw chair operation nation. — shocking claims government cover-up surface internet.,"(10000,[312,503,681,855,1657,1780,2259,2407,3919,5850,5922,7281,7725,7936,8325,8338,9539,9813],[4.42484663185681,0.691153161953081,4.270695952029551,3.8187108282864943,5.523458920524919,3.914021008090819,2.920769235080536,3.914021008090819,4.270695952029551,0.691153161953081,4.270695952029551,0.6792718340663283,5.117993812416755,0.691153161953081,4.137164559405029,0.691153161953081,3.7316994512968646,2.997730276216664])",0.0
F165,heart pressure improve. development security certain upon product within. — shocking claims secret cure surface internet.,"(10000,[447,503,2634,2871,3892,4295,5564,5661,5850,6735,6747,7281,7936,8338,9288,9808],[3.914021008090819,0.691153161953081,4.270695952029551,3.914021008090819,2.5530444549552183,4.607168188650764,4.270695952029551,4.42484663185681,0.691153161953081,4.607168188650764,2.5530444549552183,0.6792718340663283,0.691153161953081,0.691153161953081,4.019381523748645,3.7316994512968646])",0.0
F137,peace door attorney me. help water wall reality spend exist area south. — shocking claims flat earth surface internet.,"(10000,[353,503,680,2589,2918,4640,4847,4853,5177,5649,5850,6404,6602,6697,7281,7936,8338,9347,9676],[4.137164559405029,0.691153161953081,4.019381523748645,3.914021008090819,3.0385522707369192,5.117993812416755,4.607168188650764,4.607168188650764,4.830311739964974,3.8187108282864943,0.691153161953081,4.270695952029551,4.270695952029551,3.4440173788450834,0.6792718340663283,0.691153161953081,0.691153161953081,3.5085558999826545,3.0385522707369192])",0.0
R088,shake blood seat. somebody forget site fly road this. experts discuss ongoing developments research.,"(10000,[1268,2180,2359,3089,3614,4506,4687,4963,5725,5891,5944,7066,7146,9462],[5.117993812416755,4.607168188650764,4.019381523748645,4.42484663185681,0.6871770135734415,0.691153161953081,0.6832166123573445,5.523458920524919,4.42484663185681,3.7316994512968646,4.137164559405029,2.8154087194227095,3.914021008090819,0.691153161953081])",1.0
R169,source break daughter improve character their. experts discuss ongoing developments technology breakthrough.,"(10000,[668,1020,2227,2408,3614,4108,4506,4687,4867,7623,7721,9462],[4.270695952029551,2.6330871626287546,2.7200985396183848,3.914021008090819,0.6871770135734415,5.117993812416755,0.691153161953081,0.6832166123573445,4.607168188650764,4.42484663185681,3.7316994512968646,0.691153161953081])",1.0
R193,mind set day capital discover. reduce natural subject hundred manage go. financial far republican director reality deep. experts discuss ongoing developments technology breakthrough.,"(10000,[680,1020,1848,1853,1982,2227,3184,3614,4158,4506,4616,4687,4702,4988,5175,5342,6541,7407,7883,8159,8655,9133,9462],[4.019381523748645,2.6330871626287546,5.523458920524919,4.019381523748645,4.607168188650764,2.7200985396183848,2.8154087194227095,0.6871770135734415,4.830311739964974,0.691153161953081,4.137164559405029,0.6832166123573445,4.270695952029551,4.270695952029551,4.270695952029551,4.270695952029551,5.117993812416755,4.607168188650764,3.914021008090819,3.914021008090819,4.830311739964974,3.8187108282864943,0.691153161953081])",1.0
F247,finally left goal camera. design finally reality quite. — shocking claims mind control surface internet.,"(10000,[503,680,1208,1662,1817,3184,3192,3922,5089,5850,7281,7936,8338,8878],[0.691153161953081,4.019381523748645,2.8844015909096608,4.137164559405029,7.463398902593729,2.8154087194227095,3.8187108282864943,3.577548771469606,3.5085558999826545,0.691153161953081,0.6792718340663283,0.691153161953081,0.691153161953081,5.117993812416755])",0.0
R179,impact letter race. pm land person also perform offer nature. experts discuss ongoing developments technology breakthrough.,"(10000,[320,564,1020,1098,1972,2227,2958,3249,3614,3792,4506,4687,7026,7148,8346,9462],[3.577548771469606,4.270695952029551,2.6330871626287546,3.914021008090819,3.914021008090819,2.7200985396183848,3.914021008090819,3.2721671219184243,0.6871770135734415,4.270695952029551,0.691153161953081,0.6832166123573445,4.607168188650764,3.8187108282864943,4.830311739964974,0.691153161953081])",1.0
F138,economy inside media hundred lawyer may. charge drive laugh support time without deep. former remember article. — shocking claims immortal jellyfish surface internet.,"(10000,[217,503,1209,1982,2066,4043,4160,5175,5685,5850,6325,6340,6572,6812,7098,7281,7936,8157,8217,8338,9021,9066,9876],[4.019381523748645,0.691153161953081,4.270695952029551,4.607168188650764,2.7508701982851385,4.270695952029551,4.270695952029551,4.270695952029551,3.577548771469606,0.691153161953081,4.019381523748645,5.523458920524919,5.117993812416755,4.830311739964974,3.383392757028649,0.6792718340663283,0.691153161953081,3.914021008090819,4.607168188650764,0.691153161953081,4.42484663185681,3.577548771469606,2.7508701982851385])",0.0
R017,last try teacher main magazine dog food. store cultural rule. citizen man trial attention young dog boy. medical phone build hit box. experts discuss ongoing developments policy.,"(10000,[8,1626,1637,2569,3014,3144,3410,3614,3989,4085,4506,4687,4693,6944,7184,7711,7809,8046,8252,8268,8413,8708,8774,9233,9462,9564],[4.42484663185681,4.42484663185681,4.830311739964974,4.019381523748645,4.42484663185681,3.7316994512968646,4.019381523748645,0.6871770135734415,4.42484663185681,5.117993812416755,0.691153161953081,0.6832166123573445,4.830311739964974,2.7826188965997183,4.830311739964974,4.42484663185681,4.137164559405029,5.523458920524919,3.914021008090819,3.577548771469606,3.6516567436233283,3.8187108282864943,5.117993812416755,4.137164559405029,0.691153161953081,9.660623479929948])",1.0
F090,mission hundred mean return course court environment. spend quite history. successful around network product notice radio. — shocking claims mind control surface internet.,"(10000,[353,447,503,635,909,1208,1525,3184,3652,4568,5089,5175,5659,5850,6056,6069,6197,7281,7424,7936,8338,9032,9152],[4.137164559405029,3.914021008090819,0.691153161953081,4.270695952029551,4.830311739964974,2.8844015909096608,4.019381523748645,2.8154087194227095,4.42484663185681,4.607168188650764,3.5085558999826545,4.270695952029551,4.270695952029551,0.691153161953081,3.914021008090819,3.7316994512968646,4.607168188650764,0.6792718340663283,5.523458920524919,0.691153161953081,0.691153161953081,5.523458920524919,3.914021008090819])",0.0
F222,partner response group information remain participant him. member reveal bank wear process. — shocking claims mind control surface internet.,"(10000,[116,503,1208,1507,2445,3184,3351,5205,5396,5850,6581,6790,7281,7766,7936,8077,8190,8338,8982],[4.137164559405029,0.691153161953081,2.8844015909096608,4.607168188650764,3.914021008090819,2.8154087194227095,5.117993812416755,4.42484663185681,3.914021008090819,0.691153161953081,4.607168188650764,3.7316994512968646,0.6792718340663283,4.270695952029551,0.691153161953081,4.830311739964974,3.914021008090819,0.691153161953081,4.830311739964974])",0.0
R114,wide probably state open police. learn central lay imagine catch information compare. suffer painting want upon administration write. experts discuss ongoing developments climate change.,"(10000,[821,1034,1808,2059,2297,2836,3614,4391,4475,4506,4570,4687,5185,5301,5783,5967,6135,6735,7712,7949,8190,8928,9462,9593],[2.849310271098391,4.270695952029551,3.914021008090819,2.7508701982851385,4.607168188650764,3.914021008090819,0.6871770135734415,4.270695952029551,4.42484663185681,0.691153161953081,4.830311739964974,0.6832166123573445,3.4440173788450834,4.137164559405029,4.019381523748645,4.830311739964974,4.019381523748645,4.607168188650764,4.42484663185681,4.019381523748645,3.914021008090819,4.270695952029551,0.691153161953081,5.117993812416755])",1.0
F235,high worry certain. program dark land consider. something wear different i. — shocking claims celebrity scandal surface internet.,"(10000,[503,564,573,697,2116,3486,4921,5850,6581,6683,6751,7148,7281,7936,8338,8343,9380,9826],[0.691153161953081,4.270695952029551,4.607168188650764,4.607168188650764,4.019381523748645,2.849310271098391,2.849310271098391,0.691153161953081,4.607168188650764,4.830311739964974,5.523458920524919,3.8187108282864943,0.6792718340663283,0.691153161953081,0.691153161953081,3.8187108282864943,5.117993812416755,4.270695952029551])",0.0
F185,customer open boy participant use. heart share significant explain current idea every. manage job fill natural paper expert nation left. — shocking claims hoax surface internet.,"(10000,[157,503,557,914,1413,3947,4014,4377,4988,5134,5341,5396,5783,5850,5958,7281,7883,7936,8338,8552,8690,8997,9021,9189,9727,9808],[3.2721671219184243,0.691153161953081,4.137164559405029,3.914021008090819,3.8187108282864943,4.137164559405029,4.270695952029551,2.60568818844064,4.270695952029551,5.523458920524919,4.019381523748645,3.914021008090819,4.019381523748645,0.691153161953081,4.137164559405029,0.6792718340663283,3.914021008090819,0.691153161953081,0.691153161953081,4.42484663185681,4.42484663185681,4.137164559405029,4.42484663185681,4.019381523748645,4.019381523748645,3.7316994512968646])",0.0
F221,side machine bring policy. artist article throughout bed campaign result store. stop wall personal throw help agent decide mission. population art address. — shocking claims flat earth surface internet.,"(10000,[399,503,796,1259,1702,2918,3057,4489,5016,5850,5948,6404,6675,6944,7281,7443,7854,7936,7939,8040,8293,8325,8338,8931,9258,9347,9497,9676,9781],[4.42484663185681,0.691153161953081,3.7316994512968646,4.270695952029551,3.914021008090819,3.0385522707369192,4.270695952029551,5.117993812416755,3.8187108282864943,0.691153161953081,4.270695952029551,4.270695952029551,4.270695952029551,2.7826188965997183,0.6792718340663283,4.137164559405029,3.8187108282864943,0.691153161953081,5.117993812416755,3.914021008090819,4.270695952029551,4.137164559405029,0.691153161953081,3.914021008090819,5.117993812416755,3.5085558999826545,3.914021008090819,3.0385522707369192,4.607168188650764])",0.0
F054,behind time decide box sit avoid generation. choose unit laugh star. class big business four. — shocking claims secret cure surface internet.,"(10000,[503,1388,3048,3892,4007,4346,4695,5374,5850,6097,6335,6747,6946,7098,7281,7922,7936,7960,8157,8293,8338,9706],[0.691153161953081,3.8187108282864943,4.137164559405029,2.5530444549552183,4.019381523748645,3.7316994512968646,4.830311739964974,4.019381523748645,0.691153161953081,4.42484663185681,3.7316994512968646,2.5530444549552183,4.019381523748645,3.383392757028649,0.6792718340663283,4.607168188650764,0.691153161953081,4.830311739964974,3.914021008090819,4.270695952029551,0.691153161953081,4.42484663185681])",0.0
R000,century rise finish together trouble certain order. look force score. experts discuss ongoing developments public health.,"(10000,[391,1770,2909,3614,4506,4687,4816,5564,6219,6578,7195,7841,8312,9288,9462,9939],[4.42484663185681,2.920769235080536,4.137164559405029,0.6871770135734415,0.691153161953081,0.6832166123573445,4.019381523748645,4.270695952029551,3.0811118851557153,4.137164559405029,4.830311739964974,4.019381523748645,4.42484663185681,4.019381523748645,0.691153161953081,4.607168188650764])",1.0
R178,wish fear born brother focus within everybody. officer source type billion draw from. people begin. experts discuss ongoing developments budget report.,"(10000,[258,291,495,696,2806,3495,3526,3614,3931,4263,4506,4687,4991,5432,7274,7721,8167,9462,9513,9545,9817],[4.270695952029551,3.7316994512968646,4.42484663185681,3.6516567436233283,5.117993812416755,5.117993812416755,4.607168188650764,0.6871770135734415,3.5085558999826545,4.137164559405029,0.691153161953081,0.6832166123573445,2.6330871626287546,2.661258039595451,5.117993812416755,3.7316994512968646,4.607168188650764,0.691153161953081,4.607168188650764,4.137164559405029,3.7316994512968646])",1.0
F006,response ask land ok wonder so. world week mother light project research but. level address democratic poor plant. — shocking claims hoax surface internet.,"(10000,[354,503,1499,1720,1783,2230,2445,2645,3507,4377,4454,4723,5122,5606,5850,7148,7178,7281,7936,8103,8338,8927,9360,9432],[4.137164559405029,0.691153161953081,3.914021008090819,5.117993812416755,4.270695952029551,3.8187108282864943,3.914021008090819,4.42484663185681,4.830311739964974,2.60568818844064,4.42484663185681,4.42484663185681,4.42484663185681,4.019381523748645,0.691153161953081,3.8187108282864943,5.117993812416755,0.6792718340663283,0.691153161953081,3.914021008090819,0.691153161953081,5.523458920524919,4.019381523748645,3.7316994512968646])",0.0
F174,man way listen help within. close stage always major statement notice. prove team list seat story. — shocking claims secret cure surface internet.,"(10000,[30,47,429,468,503,1058,2569,3497,3892,4295,5214,5850,6624,6747,7281,7366,7936,8338,8728,9011,9347,9391,9817],[4.607168188650764,4.019381523748645,5.117993812416755,4.137164559405029,0.691153161953081,4.42484663185681,4.019381523748645,4.607168188650764,2.5530444549552183,4.607168188650764,4.019381523748645,0.691153161953081,5.523458920524919,2.5530444549552183,0.6792718340663283,4.830311739964974,0.691153161953081,0.691153161953081,3.2208738275308737,4.270695952029551,3.5085558999826545,4.42484663185681,3.7316994512968646])",0.0
R009,control team assume identify. behavior deep law guess. member company rest spring deep. piece road body. experts discuss ongoing developments election.,"(10000,[468,735,942,1208,1644,1762,1982,2664,2708,3133,3556,3614,3979,4506,4687,5725,5726,6790,7255,7488,9462],[4.137164559405029,4.830311739964974,3.914021008090819,2.8844015909096608,4.137164559405029,3.6516567436233283,4.607168188650764,3.7316994512968646,3.6516567436233283,4.137164559405029,2.7826188965997183,0.6871770135734415,4.270695952029551,0.691153161953081,0.6832166123573445,4.42484663185681,4.42484663185681,3.7316994512968646,4.830311739964974,5.117993812416755,0.691153161953081])",1.0
R122,also beat man. time approach way member. college throughout ago onto. reduce raise real. experts discuss ongoing developments economic growth.,"(10000,[1896,2403,2569,3095,3527,3614,3792,4046,4506,4687,5683,5948,5963,8057,8157,8159,9034,9144,9391,9462],[3.914021008090819,3.8187108282864943,4.019381523748645,4.607168188650764,4.830311739964974,0.6871770135734415,4.270695952029551,5.117993812416755,0.691153161953081,0.6832166123573445,5.117993812416755,4.270695952029551,5.117993812416755,4.607168188650764,3.914021008090819,3.914021008090819,2.920769235080536,2.7200985396183848,4.42484663185681,0.691153161953081])",1.0
F189,good glass speak care. note congress fall past serious. — shocking claims immortal jellyfish surface internet.,"(10000,[503,1439,2066,3729,4732,5390,5850,6168,6932,7281,7936,8338,8728,9275,9876,9909],[0.691153161953081,4.270695952029551,2.7508701982851385,4.607168188650764,3.914021008090819,4.830311739964974,0.691153161953081,4.019381523748645,4.830311739964974,0.6792718340663283,0.691153161953081,0.691153161953081,3.2208738275308737,4.42484663185681,2.7508701982851385,4.42484663185681])",0.0
R146,standard face car artist remember war. building commercial citizen. experts discuss ongoing developments technology breakthrough.,"(10000,[1020,2174,2227,2967,3614,3674,4034,4506,4687,5685,5852,6443,6749,8931,9462],[2.6330871626287546,5.117993812416755,2.7200985396183848,4.42484663185681,0.6871770135734415,3.7316994512968646,4.270695952029551,0.691153161953081,0.6832166123573445,3.577548771469606,4.42484663185681,3.577548771469606,4.830311739964974,3.914021008090819,0.691153161953081])",1.0
R022,laugh station never land middle the. music east consider local democrat. east majority state force. experts discuss ongoing developments climate change.,"(10000,[228,281,312,821,1808,2059,2260,3614,4506,4687,6291,6370,6576,7098,7148,8415,9244,9462,9878,9924],[4.270695952029551,3.8187108282864943,4.42484663185681,2.849310271098391,3.914021008090819,2.7508701982851385,4.830311739964974,0.6871770135734415,0.691153161953081,0.6832166123573445,5.523458920524919,4.607168188650764,7.828042016181638,3.383392757028649,3.8187108282864943,4.607168188650764,4.019381523748645,0.691153161953081,4.137164559405029,5.117993812416755])",1.0
F177,care mention ground open somebody. deep available sea conference edge. — shocking claims aliens surface internet.,"(10000,[503,650,1762,2475,2907,5310,5657,5783,5850,6487,7281,7936,8338,8741,8859,9617],[0.691153161953081,2.958509563063383,3.6516567436233283,4.019381523748645,4.270695952029551,4.137164559405029,4.42484663185681,4.019381523748645,0.691153161953081,3.4440173788450834,0.6792718340663283,0.691153161953081,0.691153161953081,5.523458920524919,4.607168188650764,4.019381523748645])",0.0
F021,television product production century star side. third late administration bar record. message stop discover threat care arrive area individual. watch read. — shocking claims secret cure surface internet.,"(10000,[447,503,796,924,2708,2715,3079,3188,3892,3924,4170,5170,5185,5310,5649,5850,6747,7281,7332,7391,7841,7936,8070,8338,8353,8713,8771,9459],[3.914021008090819,0.691153161953081,3.7316994512968646,5.117993812416755,3.6516567436233283,3.914021008090819,4.270695952029551,4.830311739964974,2.5530444549552183,4.607168188650764,3.8187108282864943,4.019381523748645,3.4440173788450834,4.137164559405029,3.8187108282864943,0.691153161953081,2.5530444549552183,0.6792718340663283,4.270695952029551,4.607168188650764,4.019381523748645,0.691153161953081,4.830311739964974,0.691153161953081,3.8187108282864943,4.137164559405029,4.019381523748645,4.830311739964974])",0.0
R039,stand age live test first religious reason. wall others describe job author. national sell fund everything relate. mrs clearly bad weight let where. experts discuss ongoing developments economic growth.,"(10000,[373,493,557,3614,4293,4485,4506,4522,4638,4687,5375,6403,6404,6586,6886,6940,7085,7848,7910,7956,8004,8238,8267,8791,9034,9144,9156,9462,9751],[5.523458920524919,4.019381523748645,4.137164559405029,0.6871770135734415,4.270695952029551,4.42484663185681,0.691153161953081,4.830311739964974,4.42484663185681,0.6832166123573445,5.523458920524919,4.137164559405029,4.270695952029551,4.137164559405029,4.42484663185681,3.7316994512968646,4.137164559405029,5.117993812416755,4.270695952029551,4.607168188650764,3.914021008090819,4.019381523748645,4.42484663185681,4.270695952029551,2.920769235080536,2.7200985396183848,3.914021008090819,0.691153161953081,4.137164559405029])",1.0
F061,assume environment like. bill majority national pass house least. others radio majority election sometimes. — shocking claims miracle drug surface internet.,"(10000,[132,503,1144,1256,2407,2664,3163,5836,5850,6940,7281,7860,7910,7936,8135,8338,8392,9086,9190,9244],[4.42484663185681,0.691153161953081,4.607168188650764,3.125563647726549,3.914021008090819,3.7316994512968646,5.117993812416755,4.42484663185681,0.691153161953081,3.7316994512968646,0.6792718340663283,2.958509563063383,4.270695952029551,0.691153161953081,3.914021008090819,0.691153161953081,4.607168188650764,4.270695952029551,4.830311739964974,8.03876304749729])",0.0
R057,audience artist according time mean. popular better whose main. every matter expert court. experts discuss ongoing developments technology breakthrough.,"(10000,[481,914,1020,1312,2227,2402,2543,3614,4506,4687,6148,7564,8157,8457,8931,9462,9539,9668,9681],[5.523458920524919,3.914021008090819,2.6330871626287546,4.830311739964974,2.7200985396183848,4.270695952029551,3.577548771469606,0.6871770135734415,0.691153161953081,0.6832166123573445,4.270695952029551,4.019381523748645,3.914021008090819,5.523458920524919,3.914021008090819,0.691153161953081,3.7316994512968646,5.523458920524919,3.7316994512968646])",1.0
F154,general people avoid color forward raise. ten rule student table business away. — shocking claims immortal jellyfish surface internet.,"(10000,[343,503,1388,2066,3536,3931,4263,5085,5374,5465,5850,6830,7281,7593,7936,8338,8411,9832,9876],[4.137164559405029,0.691153161953081,3.8187108282864943,2.7508701982851385,3.914021008090819,3.5085558999826545,4.137164559405029,3.5085558999826545,4.019381523748645,4.42484663185681,0.691153161953081,4.607168188650764,0.6792718340663283,4.830311739964974,0.691153161953081,0.691153161953081,3.6516567436233283,4.270695952029551,2.7508701982851385])",0.0
F052,position inside reveal thought. get produce describe many usually cover media. — shocking claims mind control surface internet.,"(10000,[503,1208,1339,1507,1648,2990,3184,3248,4461,5188,5850,6104,7085,7281,7936,8338,9066,9426],[0.691153161953081,2.8844015909096608,4.019381523748645,4.607168188650764,4.270695952029551,4.270695952029551,2.8154087194227095,5.117993812416755,5.117993812416755,4.607168188650764,0.691153161953081,4.137164559405029,4.137164559405029,0.6792718340663283,0.691153161953081,0.691153161953081,3.577548771469606,4.42484663185681])",0.0
F124,open term. particular skin everything might station involve. owner third situation water even option. — shocking claims flat earth surface internet.,"(10000,[503,2589,2918,3136,3924,5783,5833,5850,6053,6406,6533,7108,7281,7936,8338,8415,8569,8771,8984,9156,9676],[0.691153161953081,3.914021008090819,3.0385522707369192,4.607168188650764,4.607168188650764,4.019381523748645,4.607168188650764,0.691153161953081,3.3262343431887,3.914021008090819,5.523458920524919,4.830311739964974,0.6792718340663283,0.691153161953081,0.691153161953081,4.607168188650764,4.830311739964974,4.019381523748645,4.137164559405029,3.914021008090819,3.0385522707369192])",0.0
R071,certain though mind avoid. among girl responsibility should. property treat write. car think yard player single view special. experts discuss ongoing developments budget report.,"(10000,[320,424,1029,1175,2335,2733,3184,3385,3502,3614,3674,4506,4687,4991,5118,5432,6604,7293,7362,7889,8750,9288,9462,9593],[3.577548771469606,4.270695952029551,4.270695952029551,4.830311739964974,3.914021008090819,4.137164559405029,2.8154087194227095,3.914021008090819,4.42484663185681,0.6871770135734415,3.7316994512968646,0.691153161953081,0.6832166123573445,2.6330871626287546,5.117993812416755,2.661258039595451,4.019381523748645,4.42484663185681,4.42484663185681,4.270695952029551,4.830311739964974,4.019381523748645,0.691153161953081,5.117993812416755])",1.0
R152,experience stand soldier matter rule doctor. health team control. experts discuss ongoing developments budget report.,"(10000,[343,468,2402,3614,3635,4141,4506,4687,4991,5432,6886,7229,7726,8805,9462],[4.137164559405029,4.137164559405029,4.270695952029551,0.6871770135734415,3.914021008090819,4.137164559405029,0.691153161953081,0.6832166123573445,2.6330871626287546,2.661258039595451,4.42484663185681,5.117993812416755,5.117993812416755,4.270695952029551,0.691153161953081])",1.0
F038,free either man information house child care. firm three any. create nothing sing. cultural special actually letter serious wind. — shocking claims mind control surface internet.,"(10000,[503,564,1055,1073,1117,1208,1404,1978,2569,3184,4066,4292,5390,5547,5836,5850,5925,6447,7244,7281,7936,8190,8338,8894,9126,9233],[0.691153161953081,4.270695952029551,4.607168188650764,4.42484663185681,3.8187108282864943,2.8844015909096608,4.137164559405029,5.117993812416755,4.019381523748645,2.8154087194227095,5.117993812416755,4.270695952029551,4.830311739964974,5.523458920524919,4.42484663185681,0.691153161953081,4.42484663185681,4.607168188650764,3.7316994512968646,0.6792718340663283,0.691153161953081,3.914021008090819,0.691153161953081,3.8187108282864943,4.137164559405029,4.137164559405029])",0.0
F101,assume enter administration garden follow keep ten. contain report soldier structure religious early. manage sport help church never cup nation. — shocking claims immortal jellyfish surface internet.,"(10000,[281,503,1273,2066,2664,2996,3059,3753,4141,4293,5185,5850,5936,6505,7281,7435,7493,7725,7883,7936,8278,8338,9347,9367,9415,9594,9876],[3.8187108282864943,0.691153161953081,3.6516567436233283,2.7508701982851385,3.7316994512968646,4.137164559405029,4.270695952029551,5.117993812416755,4.137164559405029,4.270695952029551,3.4440173788450834,0.691153161953081,4.137164559405029,4.270695952029551,0.6792718340663283,4.42484663185681,4.019381523748645,5.117993812416755,3.914021008090819,0.691153161953081,4.019381523748645,0.691153161953081,3.5085558999826545,4.019381523748645,5.117993812416755,4.42484663185681,2.7508701982851385])",0.0
F203,happy case suffer once. quickly executive every century responsibility particular. fish west discuss speech. — shocking claims celebrity scandal surface internet.,"(10000,[503,1180,1376,3391,3486,3502,3614,4921,5085,5347,5850,6135,6342,7281,7841,7936,8338,8633,8692,9681,9966],[0.691153161953081,5.117993812416755,4.137164559405029,3.914021008090819,2.849310271098391,4.42484663185681,0.6871770135734415,2.849310271098391,3.5085558999826545,4.019381523748645,0.691153161953081,4.019381523748645,4.137164559405029,0.6792718340663283,4.019381523748645,0.691153161953081,0.691153161953081,5.117993812416755,5.523458920524919,3.7316994512968646,4.270695952029551])",0.0
F192,cell better scene. information worry sister start. — shocking claims government cover-up surface internet.,"(10000,[503,2259,2543,3210,3521,5850,7281,7936,8049,8190,8338,8343,9372,9813],[0.691153161953081,2.920769235080536,3.577548771469606,4.607168188650764,4.019381523748645,0.691153161953081,0.6792718340663283,0.691153161953081,5.117993812416755,3.914021008090819,0.691153161953081,3.8187108282864943,4.607168188650764,2.997730276216664])",0.0
R189,laugh sing school weight organization crime. experts discuss ongoing developments climate change.,"(10000,[278,821,1364,2059,2679,3614,4506,4687,6451,7098,8004,9462],[5.523458920524919,2.849310271098391,4.270695952029551,2.7508701982851385,4.137164559405029,0.6871770135734415,0.691153161953081,0.6832166123573445,3.383392757028649,3.383392757028649,3.914021008090819,0.691153161953081])",1.0
R098,weight every center actually. never clear media kid next. time third interesting us bar home. experts discuss ongoing developments election.,"(10000,[281,1209,1480,1611,3556,3614,3634,3723,3888,4506,4687,5844,5861,6660,7332,8004,8157,8771,9462,9681],[3.8187108282864943,4.270695952029551,4.137164559405029,4.270695952029551,2.7826188965997183,0.6871770135734415,4.019381523748645,4.607168188650764,4.830311739964974,0.691153161953081,0.6832166123573445,4.137164559405029,4.830311739964974,4.42484663185681,4.270695952029551,3.914021008090819,3.914021008090819,4.019381523748645,0.691153161953081,3.7316994512968646])",1.0
R149,view ready break meet stand. collection art involve billion product knowledge share. experts discuss ongoing developments economic growth.,"(10000,[258,447,668,3032,3614,4506,4687,6090,6271,6557,7293,7854,7864,8209,9034,9144,9462,9940],[4.270695952029551,3.914021008090819,4.270695952029551,5.117993812416755,0.6871770135734415,0.691153161953081,0.6832166123573445,4.830311739964974,4.270695952029551,3.914021008090819,4.42484663185681,3.8187108282864943,4.019381523748645,4.137164559405029,2.920769235080536,2.7200985396183848,0.691153161953081,3.7316994512968646])",1.0
R046,word social evening former explain. laugh administration. kid room view tough section director. experts discuss ongoing developments education.,"(10000,[494,823,3519,3605,3614,3684,3723,4160,4506,4687,5047,5286,5447,6968,7098,7293,8408,9462],[5.117993812416755,3.6516567436233283,4.137164559405029,4.830311739964974,0.6871770135734415,4.137164559405029,4.607168188650764,4.270695952029551,0.691153161953081,0.6832166123573445,2.6902455764687034,3.7316994512968646,3.6516567436233283,4.270695952029551,3.383392757028649,4.42484663185681,4.830311739964974,0.691153161953081])",1.0
F055,rather far join responsibility year across. drop theory traditional pressure challenge that. — shocking claims hoax surface internet.,"(10000,[503,1468,2837,3502,4158,4377,4486,5627,5661,5850,5935,6508,7281,7936,8338,8577,8899,8952],[0.691153161953081,4.607168188650764,4.42484663185681,4.42484663185681,4.830311739964974,2.60568818844064,3.914021008090819,5.523458920524919,4.42484663185681,0.691153161953081,4.270695952029551,5.523458920524919,0.6792718340663283,0.691153161953081,0.691153161953081,4.42484663185681,4.019381523748645,4.270695952029551])",0.0
F159,open prove gun economy last recognize fact. yet road argue impact top. — shocking claims flat earth surface internet.,"(10000,[217,503,1972,2918,3730,3989,4037,5214,5725,5783,5850,6083,7281,7936,8171,8313,8338,9192,9676],[4.019381523748645,0.691153161953081,3.914021008090819,3.0385522707369192,4.830311739964974,4.42484663185681,4.137164559405029,4.019381523748645,4.42484663185681,4.019381523748645,0.691153161953081,5.117993812416755,0.6792718340663283,0.691153161953081,4.270695952029551,4.137164559405029,0.691153161953081,5.523458920524919,3.0385522707369192])",0.0
F083,feeling cultural later imagine whole. defense according foreign rock. well including relationship point later. company describe already though step. — shocking claims secret cure surface internet.,"(10000,[157,503,560,594,613,942,2835,3059,3073,3385,3543,3892,4260,4416,5301,5850,6206,6747,7085,7281,7334,7564,7936,8338,9233,9296],[3.2721671219184243,0.691153161953081,4.270695952029551,4.137164559405029,4.019381523748645,3.914021008090819,5.117993812416755,4.270695952029551,4.607168188650764,3.914021008090819,3.577548771469606,2.5530444549552183,3.7316994512968646,3.7316994512968646,4.137164559405029,0.691153161953081,4.270695952029551,2.5530444549552183,4.137164559405029,0.6792718340663283,3.914021008090819,4.019381523748645,0.691153161953081,0.691153161953081,4.137164559405029,5.117993812416755])",0.0
R109,daughter full democratic east. past card require wish. experts discuss ongoing developments education.,"(10000,[812,1167,2144,3614,4506,4687,5047,5606,7623,8449,8897,9275,9462],[4.830311739964974,4.607168188650764,4.607168188650764,0.6871770135734415,0.691153161953081,0.6832166123573445,2.6902455764687034,4.019381523748645,4.42484663185681,4.019381523748645,3.8187108282864943,4.42484663185681,0.691153161953081])",1.0
R102,pay blood nice report. quite common technology before. brother finish positive congress. edge important woman condition owner adult picture. experts discuss ongoing developments climate change.,"(10000,[1,72,291,821,1020,1967,2059,2359,2513,2887,3370,3614,3921,4506,4563,4687,4897,5328,5432,6053,6056,6332,6578,7696,9462],[4.137164559405029,4.019381523748645,3.7316994512968646,2.849310271098391,2.6330871626287546,4.270695952029551,2.7508701982851385,4.019381523748645,5.523458920524919,4.830311739964974,4.019381523748645,0.6871770135734415,4.270695952029551,0.691153161953081,4.607168188650764,0.6832166123573445,4.42484663185681,3.8187108282864943,2.661258039595451,3.3262343431887,3.914021008090819,3.914021008090819,4.137164559405029,5.523458920524919,0.691153161953081])",1.0
R060,age late. catch community big. member mention seek. experts discuss ongoing developments election.,"(10000,[1890,2907,2922,3556,3614,4506,4687,6151,6790,7949,8174,8791,9462],[5.117993812416755,4.270695952029551,5.117993812416755,2.7826188965997183,0.6871770135734415,0.691153161953081,0.6832166123573445,4.830311739964974,3.7316994512968646,4.019381523748645,3.914021008090819,4.270695952029551,0.691153161953081])",1.0
F085,thought authority improve power. cultural week woman human radio company scene. — shocking claims secret cure surface internet.,"(10000,[55,503,942,1029,1176,2408,3892,4563,5122,5850,6747,7281,7936,8303,8338,9086,9233,9372],[4.607168188650764,0.691153161953081,3.914021008090819,4.270695952029551,4.137164559405029,3.914021008090819,2.5530444549552183,4.607168188650764,4.42484663185681,0.691153161953081,2.5530444549552183,0.6792718340663283,0.691153161953081,4.270695952029551,0.691153161953081,4.270695952029551,4.137164559405029,4.607168188650764])",0.0
F188,per yard truth adult. fall seem toward receive. — shocking claims hoax surface internet.,"(10000,[298,424,503,2069,2588,2687,3194,3729,4377,5850,7281,7904,7936,8338],[4.830311739964974,4.270695952029551,0.691153161953081,4.270695952029551,4.42484663185681,4.607168188650764,5.117993812416755,4.607168188650764,2.60568818844064,0.691153161953081,0.6792718340663283,5.117993812416755,0.691153161953081,0.691153161953081])",0.0
F131,service meeting local opportunity miss recognize property. agent statement participant save. two someone official person leg ever him. — shocking claims hoax surface internet.,"(10000,[20,228,503,980,1071,2252,3249,3351,3671,4377,4728,5016,5396,5594,5850,6290,6976,7281,7936,8171,8208,8338,8485,9817],[4.270695952029551,4.270695952029551,0.691153161953081,5.523458920524919,4.137164559405029,4.270695952029551,3.2721671219184243,5.117993812416755,4.607168188650764,2.60568818844064,4.137164559405029,3.8187108282864943,3.914021008090819,3.914021008090819,0.691153161953081,4.137164559405029,3.8187108282864943,0.6792718340663283,0.691153161953081,4.270695952029551,4.830311739964974,0.691153161953081,4.270695952029551,3.7316994512968646])",0.0
R202,finish argue us stock. many quality level generation eight. deep go weight church several newspaper. experts discuss ongoing developments public health.,"(10000,[460,1273,1499,1762,1770,3506,3614,3730,4506,4644,4687,4737,5188,6219,6451,6578,6660,6963,8004,9227,9462],[5.523458920524919,3.6516567436233283,3.914021008090819,3.6516567436233283,2.920769235080536,4.270695952029551,0.6871770135734415,4.830311739964974,0.691153161953081,4.607168188650764,0.6832166123573445,5.117993812416755,4.607168188650764,3.0811118851557153,3.383392757028649,4.137164559405029,4.42484663185681,4.019381523748645,3.914021008090819,5.117993812416755,0.691153161953081])",1.0
F111,art ready play car authority too. authority state whether. — shocking claims celebrity scandal surface internet.,"(10000,[503,1176,1808,2173,3486,3674,4921,5850,6547,6557,7281,7854,7936,8338,9873],[0.691153161953081,8.274329118810059,3.914021008090819,4.137164559405029,2.849310271098391,3.7316994512968646,2.849310271098391,0.691153161953081,5.523458920524919,3.914021008090819,0.6792718340663283,3.8187108282864943,0.691153161953081,0.691153161953081,4.607168188650764])",0.0
R151,manage bit forward size build put. hotel future institution number. national none campaign happen today. rich middle view meeting create. experts discuss ongoing developments policy.,"(10000,[20,1989,2663,3014,3192,3243,3614,3882,4506,4687,4702,4704,5476,6212,6488,6675,6808,6944,7293,7883,7910,8411,9462,9831,9878],[4.270695952029551,4.270695952029551,4.019381523748645,4.42484663185681,3.8187108282864943,3.8187108282864943,0.6871770135734415,4.830311739964974,0.691153161953081,0.6832166123573445,4.270695952029551,4.607168188650764,5.117993812416755,4.607168188650764,4.270695952029551,4.270695952029551,4.830311739964974,2.7826188965997183,4.42484663185681,3.914021008090819,4.270695952029551,3.6516567436233283,0.691153161953081,4.270695952029551,4.137164559405029])",1.0
F058,instead general happy generation. second point phone set painting. fact every million song mouth. — shocking claims government cover-up surface internet.,"(10000,[503,1626,2259,3283,4416,4527,4695,5342,5347,5465,5850,7138,7215,7281,7350,7936,8338,8651,9256,9681,9813],[0.691153161953081,4.42484663185681,2.920769235080536,5.117993812416755,3.7316994512968646,4.019381523748645,4.830311739964974,4.270695952029551,4.019381523748645,4.42484663185681,0.691153161953081,5.117993812416755,4.42484663185681,0.6792718340663283,3.914021008090819,0.691153161953081,0.691153161953081,4.137164559405029,4.607168188650764,3.7316994512968646,2.997730276216664])",0.0
R164,mind early religious street. five decision relationship level. experts discuss ongoing developments education.,"(10000,[2193,3184,3614,4092,4260,4293,4506,4687,5047,5974,9121,9372,9462],[4.270695952029551,2.8154087194227095,0.6871770135734415,4.830311739964974,3.7316994512968646,4.270695952029551,0.691153161953081,0.6832166123573445,2.6902455764687034,3.4440173788450834,4.830311739964974,4.607168188650764,0.691153161953081])",1.0
F242,officer purpose pressure professional network detail. field worker season day pressure five. court direction laugh national. — shocking claims celebrity scandal surface internet.,"(10000,[503,696,1776,2155,2336,2358,2676,3486,4568,4921,5661,5850,7074,7098,7281,7682,7936,8089,8338,8554,9133,9152],[0.691153161953081,3.6516567436233283,5.117993812416755,4.270695952029551,3.7316994512968646,4.607168188650764,4.607168188650764,2.849310271098391,4.607168188650764,2.849310271098391,8.84969326371362,0.691153161953081,3.2208738275308737,3.383392757028649,0.6792718340663283,4.270695952029551,0.691153161953081,4.019381523748645,0.691153161953081,3.7316994512968646,3.8187108282864943,3.914021008090819])",0.0
F064,service teacher development already rest player. book scientist last child quality. — shocking claims mind control surface internet.,"(10000,[393,503,594,1208,2252,2263,2589,2708,2871,3184,3989,5850,6226,7244,7281,7936,8338,8708],[4.137164559405029,0.691153161953081,4.137164559405029,2.8844015909096608,4.270695952029551,5.523458920524919,3.914021008090819,3.6516567436233283,3.914021008090819,2.8154087194227095,4.42484663185681,0.691153161953081,3.8187108282864943,3.7316994512968646,0.6792718340663283,0.691153161953081,0.691153161953081,3.8187108282864943])",0.0
R228,scientist sea old teacher. production drop table near interview. experts discuss ongoing developments education.,"(10000,[3614,3931,4506,4687,5047,5138,5500,5974,6226,7083,8353,8577,9462,9617],[0.6871770135734415,3.5085558999826545,0.691153161953081,0.6832166123573445,2.6902455764687034,5.523458920524919,5.117993812416755,3.4440173788450834,3.8187108282864943,4.270695952029551,3.8187108282864943,4.42484663185681,0.691153161953081,4.019381523748645])",1.0
R210,news front recognize medical large pm without seek. leave similar successful well run value really. born stuff however analysis start. customer though discover radio bag. experts discuss ongoing developments economic growth.,"(10000,[157,266,504,911,1296,1413,2433,2913,2922,3385,3614,4043,4170,4506,4687,5659,5891,6959,7022,7026,7046,7403,7722,8049,8171,8268,9034,9086,9144,9462,9545],[3.2721671219184243,4.607168188650764,4.607168188650764,4.42484663185681,4.137164559405029,3.8187108282864943,4.019381523748645,3.914021008090819,5.117993812416755,3.914021008090819,0.6871770135734415,4.270695952029551,3.8187108282864943,0.691153161953081,0.6832166123573445,4.270695952029551,3.7316994512968646,5.523458920524919,4.42484663185681,4.607168188650764,4.137164559405029,4.270695952029551,4.137164559405029,5.117993812416755,4.270695952029551,3.577548771469606,2.920769235080536,4.270695952029551,2.7200985396183848,0.691153161953081,4.137164559405029])",1.0
R156,alone standard top. camera manage black type prepare. seem girl scientist hair walk factor late what. experts discuss ongoing developments policy.,"(10000,[1029,1650,1948,2492,2588,2967,3079,3386,3526,3614,4506,4687,6083,6142,6226,6944,7664,7883,8363,9462,9561],[4.270695952029551,5.117993812416755,4.607168188650764,3.7316994512968646,4.42484663185681,4.42484663185681,4.270695952029551,5.523458920524919,4.607168188650764,0.6871770135734415,0.691153161953081,0.6832166123573445,5.117993812416755,3.914021008090819,3.8187108282864943,2.7826188965997183,4.607168188650764,3.914021008090819,5.117993812416755,0.691153161953081,4.137164559405029])",1.0
R192,scene interest range ball. world mean walk yes institution suffer decision. experts discuss ongoing developments climate change.,"(10000,[70,165,821,909,2059,3243,3614,4506,4687,5044,5377,5844,5947,6135,6142,9360,9462],[3.914021008090819,4.270695952029551,2.849310271098391,4.830311739964974,2.7508701982851385,3.8187108282864943,0.6871770135734415,0.691153161953081,0.6832166123573445,3.8187108282864943,5.117993812416755,4.137164559405029,5.117993812416755,4.019381523748645,3.914021008090819,4.019381523748645,0.691153161953081])",1.0
F102,though yes fire which. quite clearly heavy mouth later fund company attack. — shocking claims government cover-up surface internet.,"(10000,[503,560,942,2259,3385,3643,4638,5044,5191,5850,6056,6315,7281,7497,7936,8238,8338,8949,9813],[0.691153161953081,4.270695952029551,3.914021008090819,2.920769235080536,3.914021008090819,5.117993812416755,4.42484663185681,3.8187108282864943,4.607168188650764,0.691153161953081,3.914021008090819,5.523458920524919,0.6792718340663283,4.830311739964974,0.691153161953081,4.019381523748645,0.691153161953081,4.42484663185681,2.997730276216664])",0.0
R237,word sport continue too. network sing summer meet mr concern. experts discuss ongoing developments election.,"(10000,[743,2647,3519,3556,3614,4506,4687,6451,8278,9152,9462,9481,9719,9873,9940],[4.270695952029551,4.137164559405029,4.137164559405029,2.7826188965997183,0.6871770135734415,0.691153161953081,0.6832166123573445,3.383392757028649,4.019381523748645,3.914021008090819,0.691153161953081,4.607168188650764,5.117993812416755,4.607168188650764,3.7316994512968646])",1.0
F015,conference check list social team it. outside sell skin finally score. sea play business prepare job manage. fish full pull. — shocking claims immortal jellyfish surface internet.,"(10000,[468,503,557,823,1376,1612,1817,2066,2173,2286,2483,3901,4485,5374,5657,5833,5850,7195,7281,7805,7936,8338,8568,8728,8897,9617,9876],[4.137164559405029,0.691153161953081,4.137164559405029,3.6516567436233283,4.137164559405029,4.830311739964974,3.7316994512968646,2.7508701982851385,4.137164559405029,4.270695952029551,5.523458920524919,4.607168188650764,4.42484663185681,4.019381523748645,4.42484663185681,4.607168188650764,0.691153161953081,4.830311739964974,0.6792718340663283,4.830311739964974,0.691153161953081,0.691153161953081,3.914021008090819,3.2208738275308737,3.8187108282864943,4.019381523748645,2.7508701982851385])",0.0
F020,worry every international accept understand treatment. offer part direction traditional mission risk raise tough. — shocking claims celebrity scandal surface internet.,"(10000,[188,503,2657,2958,3143,3486,3527,4486,4921,5850,6069,6487,7036,7281,7936,8338,8343,8554,8740,8794,9681],[3.914021008090819,0.691153161953081,4.42484663185681,3.914021008090819,4.830311739964974,2.849310271098391,4.830311739964974,3.914021008090819,2.849310271098391,0.691153161953081,3.7316994512968646,3.4440173788450834,5.523458920524919,0.6792718340663283,0.691153161953081,0.691153161953081,3.8187108282864943,3.7316994512968646,4.137164559405029,4.607168188650764,3.7316994512968646])",0.0
R083,long family most. seek development machine arm citizen leader. throw go culture. experts discuss ongoing developments election.,"(10000,[8,171,1599,2871,3556,3614,3984,4506,4687,5703,6451,8040,8297,8325,8904,9462,9495],[4.42484663185681,3.7316994512968646,5.523458920524919,3.914021008090819,2.7826188965997183,0.6871770135734415,4.137164559405029,0.691153161953081,0.6832166123573445,5.523458920524919,3.383392757028649,3.914021008090819,3.914021008090819,4.137164559405029,4.270695952029551,0.691153161953081,5.117993812416755])",1.0
F035,lay north issue. fill admit song race hard southern. international training take camera. — shocking claims hoax surface internet.,"(10000,[188,454,503,855,1417,1778,3192,3378,4377,4475,5125,5850,7281,7350,7538,7936,8338,8714,9727],[3.914021008090819,3.7316994512968646,0.691153161953081,3.8187108282864943,4.607168188650764,4.019381523748645,3.8187108282864943,5.523458920524919,2.60568818844064,4.42484663185681,4.019381523748645,0.691153161953081,0.6792718340663283,3.914021008090819,3.914021008090819,0.691153161953081,0.691153161953081,4.270695952029551,4.019381523748645])",0.0
R082,officer plant market commercial tend southern. experts discuss ongoing developments budget report.,"(10000,[696,1417,1810,2657,3614,4506,4687,4991,5432,6443,7244,9462],[3.6516567436233283,4.607168188650764,4.830311739964974,4.42484663185681,0.6871770135734415,0.691153161953081,0.6832166123573445,2.6330871626287546,2.661258039595451,3.577548771469606,3.7316994512968646,0.691153161953081])",1.0
F114,bag wide hotel area believe. become let draw. — shocking claims mind control surface internet.,"(10000,[415,503,586,1208,2663,2836,3184,3759,5649,5850,7090,7281,7936,8267,8338],[4.42484663185681,0.691153161953081,5.523458920524919,2.8844015909096608,4.019381523748645,3.914021008090819,2.8154087194227095,5.117993812416755,3.8187108282864943,0.691153161953081,4.270695952029551,0.6792718340663283,0.691153161953081,4.42484663185681,0.691153161953081])",0.0
F179,study result term night perform moment mother. usually show peace important admit. response trade point professor glass. deep wife knowledge develop provide environment. — shocking claims secret cure surface internet.,"(10000,[399,419,503,1098,1241,1762,1967,2188,2445,2543,2990,3021,3401,3761,3892,4019,4224,4416,5089,5850,5946,6697,6747,6869,7177,7281,7864,7936,8338,9432],[4.42484663185681,4.137164559405029,0.691153161953081,3.914021008090819,4.019381523748645,3.6516567436233283,4.270695952029551,4.607168188650764,3.914021008090819,3.577548771469606,4.270695952029551,4.019381523748645,4.270695952029551,4.607168188650764,2.5530444549552183,5.523458920524919,4.270695952029551,3.7316994512968646,3.5085558999826545,0.691153161953081,4.270695952029551,3.4440173788450834,2.5530444549552183,4.270695952029551,4.607168188650764,0.6792718340663283,4.019381523748645,0.691153161953081,0.691153161953081,3.7316994512968646])",0.0
F026,project face able language stage also compare. bank bank available pay near society. point foreign trial music. — shocking claims celebrity scandal surface internet.,"(10000,[30,503,1675,1716,2230,2475,3410,3486,3496,3792,4034,4416,4570,4897,4921,5248,5850,5974,6206,7281,7936,8338,8982],[4.607168188650764,0.691153161953081,5.523458920524919,3.8187108282864943,3.8187108282864943,4.019381523748645,4.019381523748645,2.849310271098391,4.019381523748645,4.270695952029551,4.270695952029551,3.7316994512968646,4.830311739964974,4.42484663185681,2.849310271098391,5.523458920524919,0.691153161953081,3.4440173788450834,4.270695952029551,0.6792718340663283,0.691153161953081,0.691153161953081,9.660623479929948])",0.0
R217,determine dinner experience energy international bag plan. age better authority agreement. experts discuss ongoing developments election.,"(10000,[188,415,1176,2240,2543,3556,3614,3635,4506,4687,7734,8307,8791,9087,9462,9892],[3.914021008090819,4.42484663185681,4.137164559405029,4.830311739964974,3.577548771469606,2.7826188965997183,0.6871770135734415,3.914021008090819,0.691153161953081,0.6832166123573445,4.607168188650764,4.270695952029551,4.270695952029551,5.117993812416755,0.691153161953081,4.607168188650764])",1.0
F009,improve people agent plan. garden option section environment quite research. remember audience police box alone sound. — shocking claims celebrity scandal surface internet.,"(10000,[503,1312,2407,2408,2492,3486,3876,4263,4921,5016,5401,5685,5850,5936,6056,6968,7066,7281,7922,7936,8338,9087,9613],[0.691153161953081,4.830311739964974,3.914021008090819,3.914021008090819,3.7316994512968646,2.849310271098391,4.270695952029551,4.137164559405029,2.849310271098391,3.8187108282864943,4.270695952029551,3.577548771469606,0.691153161953081,4.137164559405029,3.914021008090819,4.270695952029551,2.8154087194227095,0.6792718340663283,4.607168188650764,0.691153161953081,0.691153161953081,5.117993812416755,3.914021008090819])",0.0
F240,least design medical total behind treatment may. different line know area sound southern. throw civil pay. — shocking claims aliens surface internet.,"(10000,[503,593,650,1182,1417,1634,1676,3922,4346,5649,5850,6166,6279,6572,6683,7281,7779,7936,8015,8268,8325,8338],[0.691153161953081,4.270695952029551,2.958509563063383,4.270695952029551,4.607168188650764,3.8187108282864943,5.523458920524919,3.577548771469606,3.7316994512968646,3.8187108282864943,0.691153161953081,4.270695952029551,4.019381523748645,5.117993812416755,4.830311739964974,0.6792718340663283,4.019381523748645,0.691153161953081,4.830311739964974,3.577548771469606,4.137164559405029,0.691153161953081])",0.0
R216,new although form travel stop government. knowledge skill include stand participant either vote. citizen father president husband treatment. experts discuss ongoing developments research.,"(10000,[8,585,796,1306,1800,2953,3143,3614,4506,4687,5396,5621,5710,6878,6886,7066,7208,7779,7864,8681,9126,9462,9968],[4.42484663185681,4.270695952029551,3.7316994512968646,4.607168188650764,4.830311739964974,4.270695952029551,4.830311739964974,0.6871770135734415,0.691153161953081,0.6832166123573445,3.914021008090819,4.019381523748645,4.607168188650764,5.117993812416755,4.42484663185681,2.8154087194227095,3.914021008090819,4.019381523748645,4.019381523748645,5.117993812416755,4.137164559405029,0.691153161953081,4.830311739964974])",1.0
F129,happy weight watch certainly computer list not. wife picture either kitchen goal news. — shocking claims flat earth surface internet.,"(10000,[503,673,756,1195,2481,2708,2918,3021,5089,5347,5850,7281,7936,8004,8151,8338,8728,9121,9126,9676],[0.691153161953081,4.42484663185681,4.42484663185681,3.914021008090819,3.914021008090819,3.6516567436233283,3.0385522707369192,4.019381523748645,3.5085558999826545,4.019381523748645,0.691153161953081,0.6792718340663283,0.691153161953081,3.914021008090819,4.607168188650764,0.691153161953081,3.2208738275308737,4.830311739964974,4.137164559405029,3.0385522707369192])",0.0
R197,republican cold establish blue light. course fear statement later car. experts discuss ongoing developments education.,"(10000,[560,2923,3614,3652,3920,4390,4506,4616,4687,5047,5768,8290,9462,9513,9817],[4.270695952029551,4.270695952029551,0.6871770135734415,4.42484663185681,4.270695952029551,5.117993812416755,0.691153161953081,4.137164559405029,0.6832166123573445,2.6902455764687034,4.270695952029551,4.830311739964974,0.691153161953081,4.607168188650764,3.7316994512968646])",1.0
F142,forget civil poor new. experience tell simply pull. — shocking claims government cover-up surface internet.,"(10000,[503,593,1612,1642,1850,2259,3635,5850,6280,7146,7281,7936,8103,8338,9813],[0.691153161953081,4.270695952029551,4.830311739964974,4.607168188650764,5.523458920524919,2.920769235080536,3.914021008090819,0.691153161953081,5.523458920524919,3.914021008090819,0.6792718340663283,0.691153161953081,3.914021008090819,0.691153161953081,2.997730276216664])",0.0
R140,order join present good pay avoid easy clear. need environment purpose vote. water simply sense painting southern. experts discuss ongoing developments climate change.,"(10000,[760,821,1034,1226,1388,1401,1417,1642,2059,2407,2589,3614,4506,4687,4897,5447,6168,6537,6878,8089,8130,8952,9462],[4.137164559405029,2.849310271098391,4.270695952029551,4.270695952029551,3.8187108282864943,4.607168188650764,4.607168188650764,4.607168188650764,2.7508701982851385,3.914021008090819,3.914021008090819,0.6871770135734415,0.691153161953081,0.6832166123573445,4.42484663185681,3.6516567436233283,4.019381523748645,4.42484663185681,5.117993812416755,4.019381523748645,4.137164559405029,4.270695952029551,0.691153161953081])",1.0
R165,deal question generation student expect like. five wind take agree image share late. evening sing service draw various discuss. experts discuss ongoing developments budget report.,"(10000,[855,1433,2252,2558,2947,3536,3614,3691,3947,4506,4687,4991,5286,5303,5432,5974,6151,6451,6647,6925,6963,8167,8731,9190,9462],[3.8187108282864943,4.137164559405029,4.270695952029551,4.270695952029551,5.117993812416755,3.914021008090819,0.6871770135734415,5.117993812416755,4.137164559405029,0.691153161953081,0.6832166123573445,2.6330871626287546,3.7316994512968646,4.607168188650764,2.661258039595451,3.4440173788450834,4.830311739964974,3.383392757028649,3.914021008090819,4.830311739964974,4.019381523748645,4.607168188650764,5.523458920524919,4.830311739964974,0.691153161953081])",1.0
R139,serve mother drive pattern wife. kitchen color possible imagine pull. strong name nothing soldier spend establish material. experts discuss ongoing developments education.,"(10000,[15,353,354,617,756,1612,1725,2923,3614,4141,4292,4506,4687,5047,5301,5399,5616,6100,6325,6355,9462,9832],[4.019381523748645,4.137164559405029,4.137164559405029,4.019381523748645,4.42484663185681,4.830311739964974,4.270695952029551,4.270695952029551,0.6871770135734415,4.137164559405029,4.270695952029551,0.691153161953081,0.6832166123573445,2.6902455764687034,4.137164559405029,5.117993812416755,4.607168188650764,4.137164559405029,4.019381523748645,4.42484663185681,0.691153161953081,4.270695952029551])",1.0
F232,think something wife. able respond deal wrong. live reality politics. — shocking claims hoax surface internet.,"(10000,[211,493,503,680,1433,2335,2500,3496,4377,4905,5399,5850,7281,7936,8338,9826],[5.117993812416755,4.019381523748645,0.691153161953081,4.019381523748645,4.137164559405029,3.914021008090819,4.270695952029551,4.019381523748645,2.60568818844064,5.117993812416755,5.117993812416755,0.691153161953081,0.6792718340663283,0.691153161953081,0.691153161953081,4.270695952029551])",0.0
F108,break form board rock less direction. pick garden statement. south begin position particularly. — shocking claims celebrity scandal surface internet.,"(10000,[503,574,668,1195,1339,1513,3486,3548,4816,4921,5621,5850,5936,7281,7372,7454,7936,8338,9168,9547],[0.691153161953081,4.607168188650764,4.270695952029551,3.914021008090819,4.019381523748645,4.270695952029551,2.849310271098391,5.117993812416755,4.019381523748645,2.849310271098391,4.019381523748645,0.691153161953081,4.137164559405029,0.6792718340663283,4.270695952029551,4.270695952029551,0.691153161953081,0.691153161953081,5.523458920524919,5.117993812416755])",0.0
F167,seem green performance boy back what. list miss admit bar never line assume. people argue. — shocking claims celebrity scandal surface internet.,"(10000,[157,281,503,551,1071,1182,2588,3486,4263,4921,5850,7281,7332,7509,7936,8338,8363,8430,8550,8714,8728,9351],[3.2721671219184243,3.8187108282864943,0.691153161953081,4.42484663185681,4.137164559405029,4.270695952029551,4.42484663185681,2.849310271098391,4.137164559405029,2.849310271098391,0.691153161953081,0.6792718340663283,4.270695952029551,5.117993812416755,0.691153161953081,0.691153161953081,5.117993812416755,5.117993812416755,4.830311739964974,4.270695952029551,3.2208738275308737,4.270695952029551])",0.0
R242,thousand high old entire top hold very. job career suffer story exist. radio large voice ready. experts discuss ongoing developments research.,"(10000,[557,795,2116,2389,3530,3614,3978,4506,4687,4930,5328,6135,6466,6798,6855,7022,7066,7083,8824,9086,9462],[4.137164559405029,5.117993812416755,4.019381523748645,4.42484663185681,4.270695952029551,0.6871770135734415,4.607168188650764,0.691153161953081,0.6832166123573445,4.270695952029551,3.8187108282864943,4.019381523748645,4.830311739964974,5.523458920524919,4.137164559405029,4.42484663185681,2.8154087194227095,4.270695952029551,4.607168188650764,4.270695952029551,0.691153161953081])",1.0
F133,concern game civil area parent nation night. five notice send radio myself. — shocking claims immortal jellyfish surface internet.,"(10000,[503,593,1525,1968,2066,2895,3222,4014,5523,5649,5850,5974,7281,7936,8338,8975,9086,9876,9932],[0.691153161953081,4.270695952029551,4.019381523748645,3.8187108282864943,2.7508701982851385,5.523458920524919,5.117993812416755,4.270695952029551,4.270695952029551,3.8187108282864943,0.691153161953081,3.4440173788450834,0.6792718340663283,0.691153161953081,0.691153161953081,4.42484663185681,4.270695952029551,2.7508701982851385,4.42484663185681])",0.0
F025,order prepare laugh adult north down. total magazine put few. state imagine allow doctor whether hit green. — shocking claims flat earth surface internet.,"(10000,[72,503,682,777,1226,1778,1808,2286,2918,3406,4835,5301,5850,6279,7016,7098,7281,7936,8252,8338,8413,8871,9025,9676],[4.019381523748645,0.691153161953081,5.117993812416755,4.830311739964974,4.270695952029551,4.019381523748645,3.914021008090819,4.270695952029551,3.0385522707369192,4.830311739964974,4.42484663185681,4.137164559405029,0.691153161953081,4.019381523748645,4.607168188650764,3.383392757028649,0.6792718340663283,0.691153161953081,3.914021008090819,0.691153161953081,3.6516567436233283,4.137164559405029,5.117993812416755,3.0385522707369192])",0.0
F093,land let help fight interest. us class small save second. hour small hair cold throw. near series fine art whole. — shocking claims immortal jellyfish surface internet.,"(10000,[190,222,503,527,1511,2066,2526,3073,3920,4007,4463,4520,5850,5974,6431,6660,7148,7281,7664,7854,7936,8267,8338,9207,9347,9876],[5.523458920524919,8.541391904059102,0.691153161953081,4.270695952029551,5.117993812416755,2.7508701982851385,3.6516567436233283,4.607168188650764,4.270695952029551,4.019381523748645,3.7316994512968646,4.270695952029551,0.691153161953081,3.4440173788450834,5.117993812416755,4.42484663185681,3.8187108282864943,0.6792718340663283,4.607168188650764,3.8187108282864943,0.691153161953081,4.42484663185681,0.691153161953081,5.117993812416755,3.5085558999826545,2.7508701982851385])",0.0
F236,pass remain north environment everyone option worry speak. firm industry whose meet bill within. cost know person stand. — shocking claims government cover-up surface internet.,"(10000,[503,1778,2259,2407,3010,3249,4295,4490,5205,5750,5850,6090,7281,7779,7936,8135,8338,8343,8392,8893,8894,9539,9613,9813,9940],[0.691153161953081,4.019381523748645,2.920769235080536,3.914021008090819,4.42484663185681,3.2721671219184243,4.607168188650764,4.019381523748645,4.42484663185681,4.830311739964974,0.691153161953081,4.830311739964974,0.6792718340663283,4.019381523748645,0.691153161953081,3.914021008090819,0.691153161953081,3.8187108282864943,4.607168188650764,4.137164559405029,3.8187108282864943,3.7316994512968646,3.914021008090819,2.997730276216664,3.7316994512968646])",0.0
F069,every within time. choice system much science last. call prepare tough relationship lose middle. — shocking claims flat earth surface internet.,"(10000,[503,524,2286,2918,3039,3363,3996,4260,4422,5146,5276,5447,5850,6053,6069,7281,7936,8338,9676,9681,9817],[0.691153161953081,3.577548771469606,4.270695952029551,3.0385522707369192,5.117993812416755,4.270695952029551,3.8187108282864943,3.7316994512968646,4.607168188650764,3.914021008090819,4.830311739964974,3.6516567436233283,0.691153161953081,3.3262343431887,3.7316994512968646,0.6792718340663283,0.691153161953081,0.691153161953081,3.0385522707369192,3.7316994512968646,3.7316994512968646])",0.0
F219,daughter yes chair laugh series agreement world. grow pressure life. — shocking claims flat earth surface internet.,"(10000,[503,681,2404,2918,4463,5044,5535,5661,5850,6287,7098,7281,7623,7936,8338,8413,9676],[0.691153161953081,4.270695952029551,4.42484663185681,3.0385522707369192,3.7316994512968646,3.8187108282864943,5.117993812416755,4.42484663185681,0.691153161953081,3.914021008090819,3.383392757028649,0.6792718340663283,4.42484663185681,0.691153161953081,0.691153161953081,3.6516567436233283,3.0385522707369192])",0.0
R079,marriage always continue laugh. partner step new message. small line attorney camera. experts discuss ongoing developments election.,"(10000,[116,222,585,743,1182,1558,3192,3556,3614,3673,4506,4687,4853,6229,7055,9011,9462],[4.137164559405029,4.270695952029551,4.270695952029551,4.270695952029551,4.270695952029551,4.42484663185681,3.8187108282864943,2.7826188965997183,0.6871770135734415,5.523458920524919,0.691153161953081,0.6832166123573445,4.607168188650764,3.7316994512968646,5.117993812416755,4.270695952029551,0.691153161953081])",1.0
F042,culture rather policy year season study tax. must college voice other. rather near available account. — shocking claims hoax surface internet.,"(10000,[503,1023,2358,2475,2837,3530,4142,4224,4377,4529,5850,5974,7281,7936,8057,8338,8645,8899,9211,9231],[0.691153161953081,4.270695952029551,4.607168188650764,4.019381523748645,8.84969326371362,4.270695952029551,4.830311739964974,4.270695952029551,2.60568818844064,5.117993812416755,0.691153161953081,3.4440173788450834,0.6792718340663283,0.691153161953081,4.607168188650764,0.691153161953081,4.42484663185681,4.019381523748645,5.523458920524919,4.830311739964974])",0.0
R154,tv begin whether receive. source alone help source person cell especially investment. rich teach cultural nation generation wrong course. experts discuss ongoing developments budget report.,"(10000,[1513,1734,2492,2687,3210,3249,3406,3614,4014,4499,4506,4547,4687,4991,5432,6212,6512,6963,7721,8173,8522,9233,9347,9462],[4.270695952029551,5.117993812416755,3.7316994512968646,4.607168188650764,4.607168188650764,3.2721671219184243,4.830311739964974,0.6871770135734415,4.270695952029551,5.523458920524919,0.691153161953081,4.42484663185681,0.6832166123573445,2.6330871626287546,2.661258039595451,4.607168188650764,4.270695952029551,4.019381523748645,7.463398902593729,3.8187108282864943,4.270695952029551,4.137164559405029,3.5085558999826545,0.691153161953081])",1.0
R089,everybody need. dinner congress tax nearly light. experts discuss ongoing developments public health.,"(10000,[1770,2240,2561,2866,3614,4390,4506,4687,6219,6544,6587,8728,9462],[2.920769235080536,4.830311739964974,4.830311739964974,4.830311739964974,0.6871770135734415,5.117993812416755,0.691153161953081,0.6832166123573445,3.0811118851557153,5.523458920524919,4.019381523748645,3.2208738275308737,0.691153161953081])",1.0
R038,edge time modern list pretty born alone. give country republican experience positive. agent soldier member concern none. field fact direction effect somebody night seem. experts discuss ongoing developments public health.,"(10000,[1770,1968,2336,3089,3614,3635,3783,3919,3921,4141,4502,4506,4616,4687,5016,5760,6219,6324,6790,6869,7074,7215,7801,7870,8157,8554,8728,9462,9545,9925],[2.920769235080536,3.8187108282864943,3.7316994512968646,4.42484663185681,0.6871770135734415,3.914021008090819,4.607168188650764,4.270695952029551,4.270695952029551,4.137164559405029,5.117993812416755,0.691153161953081,4.137164559405029,0.6832166123573445,3.8187108282864943,4.830311739964974,3.0811118851557153,4.607168188650764,3.7316994512968646,4.270695952029551,3.2208738275308737,4.42484663185681,5.523458920524919,4.830311739964974,3.914021008090819,3.7316994512968646,3.2208738275308737,0.691153161953081,4.137164559405029,5.117993812416755])",1.0
R053,memory figure plan tax strategy body or. near manager rest crime car skill. experts discuss ongoing developments economic growth.,"(10000,[731,841,1652,2291,2708,3614,3674,4110,4506,4687,5974,6123,6241,6587,6941,9034,9144,9462,9718],[4.607168188650764,3.914021008090819,4.270695952029551,4.270695952029551,3.6516567436233283,0.6871770135734415,3.7316994512968646,4.270695952029551,0.691153161953081,0.6832166123573445,3.4440173788450834,4.607168188650764,5.117993812416755,4.019381523748645,4.42484663185681,2.920769235080536,2.7200985396183848,0.691153161953081,5.117993812416755])",1.0
F201,book message prove improve relationship spend. evidence edge artist director. type impact eight strong organization. — shocking claims hoax surface internet.,"(10000,[393,503,1972,2054,2408,2715,3526,3921,4260,4377,4516,5214,5850,6355,7281,7936,8270,8338,8408,8482,8931],[4.137164559405029,0.691153161953081,3.914021008090819,4.830311739964974,3.914021008090819,3.914021008090819,4.607168188650764,4.270695952029551,3.7316994512968646,2.60568818844064,4.830311739964974,4.019381523748645,0.691153161953081,4.42484663185681,0.6792718340663283,0.691153161953081,5.117993812416755,0.691153161953081,4.830311739964974,3.8187108282864943,3.914021008090819])",0.0
F013,computer sport speak mother. wide guy service think order. professor wife read truth. — shocking claims secret cure surface internet.,"(10000,[94,503,2252,2335,2543,2836,3021,3892,4732,5564,5850,6373,6747,7177,7281,7650,7936,8151,8278,8338],[4.42484663185681,0.691153161953081,4.270695952029551,3.914021008090819,3.577548771469606,3.914021008090819,4.019381523748645,2.5530444549552183,3.914021008090819,4.270695952029551,0.691153161953081,5.523458920524919,2.5530444549552183,4.607168188650764,0.6792718340663283,4.607168188650764,0.691153161953081,4.607168188650764,4.019381523748645,0.691153161953081])",0.0
R023,western somebody available cold. family indicate social beat. experts discuss ongoing developments policy.,"(10000,[524,823,1630,2475,3089,3614,4506,4687,6485,6944,8297,9462,9612],[3.577548771469606,3.6516567436233283,5.523458920524919,4.019381523748645,4.42484663185681,0.6871770135734415,0.691153161953081,0.6832166123573445,4.607168188650764,2.7826188965997183,3.914021008090819,0.691153161953081,5.523458920524919])",1.0
R068,sister run include. bit large fight statement. meet single relate player on. born door name type. experts discuss ongoing developments technology breakthrough.,"(10000,[15,266,988,1020,1989,2227,2526,3521,3548,3614,4506,4687,4847,5611,6604,7022,7889,8403,9462,9545,9700,9940],[4.019381523748645,4.607168188650764,4.42484663185681,2.6330871626287546,4.270695952029551,2.7200985396183848,3.6516567436233283,4.019381523748645,5.117993812416755,0.6871770135734415,0.691153161953081,0.6832166123573445,4.607168188650764,5.523458920524919,4.019381523748645,4.42484663185681,4.270695952029551,5.523458920524919,0.691153161953081,4.137164559405029,4.830311739964974,3.7316994512968646])",1.0
F065,kid test task wide floor. small family effort. relationship trial president value clear. — shocking claims hoax surface internet.,"(10000,[222,503,1306,1401,2836,2912,2920,3410,3723,4260,4377,5850,6586,7281,7403,7936,8297,8338,8451],[4.270695952029551,0.691153161953081,4.607168188650764,4.607168188650764,3.914021008090819,5.117993812416755,5.523458920524919,4.019381523748645,4.607168188650764,3.7316994512968646,2.60568818844064,0.691153161953081,4.137164559405029,0.6792718340663283,4.270695952029551,0.691153161953081,3.914021008090819,0.691153161953081,4.019381523748645])",0.0
F239,class analysis chance alone republican gun. without minute center type. — shocking claims celebrity scandal surface internet.,"(10000,[346,503,1296,1480,2492,3357,3486,4007,4043,4616,4921,5850,7281,7586,7936,8338,9700],[4.607168188650764,0.691153161953081,4.137164559405029,4.137164559405029,3.7316994512968646,4.137164559405029,2.849310271098391,4.019381523748645,4.270695952029551,4.137164559405029,2.849310271098391,0.691153161953081,0.6792718340663283,4.830311739964974,0.691153161953081,0.691153161953081,4.830311739964974])",0.0
F084,artist clearly show. program field media magazine source. — shocking claims miracle drug surface internet.,"(10000,[503,573,1209,1256,3205,3707,5850,7074,7281,7860,7936,8238,8338,8413,8931],[0.691153161953081,4.607168188650764,4.270695952029551,3.125563647726549,5.523458920524919,5.117993812416755,0.691153161953081,3.2208738275308737,0.6792718340663283,2.958509563063383,0.691153161953081,4.019381523748645,0.691153161953081,3.6516567436233283,3.914021008090819])",0.0
R120,knowledge deal radio attack. animal maybe contain free tend. experts discuss ongoing developments election.,"(10000,[1073,1433,3556,3614,3643,4506,4687,4818,5797,7360,7493,7864,9086,9462],[4.42484663185681,4.137164559405029,2.7826188965997183,0.6871770135734415,5.117993812416755,0.691153161953081,0.6832166123573445,4.270695952029551,5.117993812416755,3.8187108282864943,4.019381523748645,4.019381523748645,4.270695952029551,0.691153161953081])",1.0
F207,camera size respond business too. defense certainly eight treatment. — shocking claims government cover-up surface internet.,"(10000,[503,673,1650,2259,2500,3143,3192,3543,5374,5850,7281,7936,8338,8482,9813,9873],[0.691153161953081,4.42484663185681,5.117993812416755,2.920769235080536,4.270695952029551,4.830311739964974,3.8187108282864943,3.577548771469606,4.019381523748645,0.691153161953081,0.6792718340663283,0.691153161953081,0.691153161953081,3.8187108282864943,2.997730276216664,4.607168188650764])",0.0
R158,rate business heavy already agreement. church well eight air. experts discuss ongoing developments economic growth.,"(10000,[157,253,594,1273,1918,3614,4506,4687,5374,8482,8949,9034,9144,9462,9892],[3.2721671219184243,4.019381523748645,4.137164559405029,3.6516567436233283,5.523458920524919,0.6871770135734415,0.691153161953081,0.6832166123573445,4.019381523748645,3.8187108282864943,4.42484663185681,2.920769235080536,2.7200985396183848,0.691153161953081,4.607168188650764])",1.0
R097,particular throughout social certainly. thus really task first century final coach. wide available task positive foreign future. experts discuss ongoing developments technology breakthrough.,"(10000,[1,823,1020,1479,1653,2227,2475,2836,3614,4112,4506,4687,5684,5948,6206,6403,7019,7841,8451,8547,8984,9462],[4.137164559405029,3.6516567436233283,2.6330871626287546,5.523458920524919,4.137164559405029,2.7200985396183848,4.019381523748645,3.914021008090819,0.6871770135734415,4.137164559405029,0.691153161953081,0.6832166123573445,4.019381523748645,4.270695952029551,4.270695952029551,4.137164559405029,5.117993812416755,4.019381523748645,8.03876304749729,5.117993812416755,4.137164559405029,0.691153161953081])",1.0
R092,sound area affect section reason hundred. teacher direction language beyond. experts discuss ongoing developments technology breakthrough.,"(10000,[142,1020,1716,2227,2944,3614,4506,4687,5649,6055,6166,6968,7692,8554,8708,9462],[5.523458920524919,2.6330871626287546,3.8187108282864943,2.7200985396183848,3.7316994512968646,0.6871770135734415,0.691153161953081,0.6832166123573445,3.8187108282864943,4.270695952029551,4.270695952029551,4.270695952029551,5.523458920524919,3.7316994512968646,3.8187108282864943,0.691153161953081])",1.0
F172,project phone participant. build stay training meet street decade until. return example follow campaign couple inside. — shocking claims hoax surface internet.,"(10000,[433,503,635,1626,1762,2230,3014,3684,4377,4430,5465,5850,6030,6675,7281,7538,7702,7936,8338,9367,9606,9940],[4.42484663185681,0.691153161953081,4.270695952029551,4.42484663185681,3.6516567436233283,3.8187108282864943,4.42484663185681,4.137164559405029,2.60568818844064,5.117993812416755,4.42484663185681,0.691153161953081,4.607168188650764,4.270695952029551,0.6792718340663283,3.914021008090819,4.270695952029551,0.691153161953081,0.691153161953081,4.019381523748645,4.42484663185681,3.7316994512968646])",0.0
R182,pretty become kind. go discover wall. base significant figure indicate. experts discuss ongoing developments economic growth.,"(10000,[2784,3072,3614,3919,4110,4170,4506,4528,4687,6451,7090,8173,8552,9034,9144,9462],[4.830311739964974,5.117993812416755,0.6871770135734415,4.270695952029551,4.270695952029551,3.8187108282864943,0.691153161953081,5.117993812416755,0.6832166123573445,3.383392757028649,4.270695952029551,3.8187108282864943,4.42484663185681,2.920769235080536,2.7200985396183848,0.691153161953081])",1.0
F014,dog whose specific training themselves. professional inside wait stock fish. system door oil increase individual certain key none. continue majority ever anyone stay movement. — shocking claims secret cure surface internet.,"(10000,[433,503,666,743,793,2059,2155,3131,3471,3892,3996,4395,4847,5477,5594,5760,5850,5853,6035,6747,7281,7538,7936,7963,8338,8614,9066,9244,9288,9539,9564],[4.42484663185681,0.691153161953081,4.270695952029551,4.270695952029551,4.42484663185681,2.7508701982851385,4.270695952029551,4.830311739964974,5.117993812416755,2.5530444549552183,3.8187108282864943,5.523458920524919,4.607168188650764,4.607168188650764,3.914021008090819,4.830311739964974,0.691153161953081,5.523458920524919,3.5085558999826545,2.5530444549552183,0.6792718340663283,3.914021008090819,0.691153161953081,4.42484663185681,0.691153161953081,4.42484663185681,3.577548771469606,4.019381523748645,4.019381523748645,3.7316994512968646,4.830311739964974])",0.0
R230,without hold fine score team senior design. everyone stuff home. moment success avoid none raise. experts discuss ongoing developments election.,"(10000,[468,1388,1927,2389,3401,3556,3614,4043,4144,4506,4687,5861,6431,7425,7593,7722,8893,9462,9828,9831],[4.137164559405029,3.8187108282864943,4.270695952029551,4.42484663185681,4.270695952029551,2.7826188965997183,0.6871770135734415,4.270695952029551,4.019381523748645,0.691153161953081,0.6832166123573445,4.830311739964974,5.117993812416755,4.830311739964974,4.830311739964974,4.137164559405029,4.137164559405029,0.691153161953081,4.830311739964974,4.270695952029551])",1.0
F223,pass half later anything cold investment scientist surface. property ball investment hand. husband add affect develop low class. — shocking claims government cover-up surface internet.,"(10000,[503,560,1241,1562,1780,2114,2259,2733,3920,5241,5417,5850,6055,6226,7208,7281,7492,7936,8338,8392,8411,9813,9878,9887],[0.691153161953081,4.270695952029551,4.019381523748645,8.84969326371362,3.914021008090819,4.830311739964974,2.920769235080536,4.137164559405029,4.270695952029551,4.607168188650764,4.607168188650764,0.691153161953081,4.270695952029551,3.8187108282864943,3.914021008090819,0.6792718340663283,4.137164559405029,0.691153161953081,0.691153161953081,4.607168188650764,3.6516567436233283,2.997730276216664,4.137164559405029,4.270695952029551])",0.0
R221,teacher community mrs agency. since thought product behavior loss. experts discuss ongoing developments policy.,"(10000,[55,447,690,735,1051,3614,4506,4687,6287,6944,8174,8708,9462,9751],[4.607168188650764,3.914021008090819,5.523458920524919,4.830311739964974,4.607168188650764,0.6871770135734415,0.691153161953081,0.6832166123573445,3.914021008090819,2.7826188965997183,3.914021008090819,3.8187108282864943,0.691153161953081,4.137164559405029])",1.0
R173,body water character concern tell. possible window town drop into. experts discuss ongoing developments climate change.,"(10000,[442,821,841,1968,2059,2403,2589,3614,4506,4687,4715,4867,6100,8577,9083,9462],[4.830311739964974,2.849310271098391,3.914021008090819,3.8187108282864943,2.7508701982851385,3.8187108282864943,3.914021008090819,0.6871770135734415,0.691153161953081,0.6832166123573445,4.830311739964974,4.607168188650764,4.137164559405029,4.42484663185681,5.523458920524919,0.691153161953081])",1.0
F249,democrat every meeting. — shocking claims immortal jellyfish surface internet.,"(10000,[503,2066,5234,5850,7032,7281,7936,8338,9681,9876],[0.691153161953081,2.7508701982851385,4.830311739964974,0.691153161953081,4.830311739964974,0.6792718340663283,0.691153161953081,0.691153161953081,3.7316994512968646,2.7508701982851385])",0.0
F112,forget beautiful increase lot. store car employee baby especially. city son approach piece often purpose. — shocking claims government cover-up surface internet.,"(10000,[7,209,503,1273,1348,1770,2259,3095,3133,3674,5495,5850,6548,7146,7184,7281,7936,7963,8338,8544,8734,9813],[4.137164559405029,4.019381523748645,0.691153161953081,3.6516567436233283,4.137164559405029,2.920769235080536,2.920769235080536,4.607168188650764,4.137164559405029,3.7316994512968646,4.270695952029551,0.691153161953081,4.607168188650764,3.914021008090819,4.830311739964974,0.6792718340663283,0.691153161953081,4.42484663185681,0.691153161953081,5.117993812416755,5.117993812416755,2.997730276216664])",0.0
R058,available sure oil. often maintain result guy democrat rate present. always son factor east. experts discuss ongoing developments budget report.,"(10000,[7,94,209,253,399,1167,1821,1990,2475,3614,3816,4506,4687,4991,5234,5247,5432,9011,9462,9561],[4.137164559405029,4.42484663185681,4.019381523748645,4.019381523748645,4.42484663185681,4.607168188650764,4.42484663185681,5.117993812416755,4.019381523748645,0.6871770135734415,5.117993812416755,0.691153161953081,0.6832166123573445,2.6330871626287546,4.830311739964974,4.270695952029551,2.661258039595451,4.270695952029551,0.691153161953081,4.137164559405029])",1.0
R159,process site grow whether wrong. long debate large bed tree along know. onto defense her. experts discuss ongoing developments economic growth.,"(10000,[843,2404,2840,3406,3543,3614,4319,4506,4687,4905,5871,5891,7022,7748,8040,8276,8904,9034,9144,9462,9497],[5.117993812416755,4.42484663185681,4.607168188650764,4.830311739964974,3.577548771469606,0.6871770135734415,3.914021008090819,0.691153161953081,0.6832166123573445,5.117993812416755,4.270695952029551,3.7316994512968646,4.42484663185681,5.117993812416755,3.914021008090819,4.607168188650764,4.270695952029551,2.920769235080536,2.7200985396183848,0.691153161953081,3.914021008090819])",1.0
R029,successful act win child. sell sit interesting wife six near. experts discuss ongoing developments economic growth.,"(10000,[1655,2398,3021,3614,3634,4485,4506,4687,5401,5659,6817,6928,6946,9034,9144,9462],[4.607168188650764,4.270695952029551,4.019381523748645,0.6871770135734415,4.019381523748645,4.42484663185681,0.691153161953081,0.6832166123573445,4.270695952029551,4.270695952029551,5.117993812416755,5.117993812416755,4.019381523748645,2.920769235080536,2.7200985396183848,0.691153161953081])",1.0
R126,operation group strategy. together least cold social true. police someone move again. experts discuss ongoing developments research.,"(10000,[823,1634,1898,3614,3671,3876,3920,4506,4687,5493,5922,6282,7066,7516,7766,8312,9462],[3.6516567436233283,3.8187108282864943,4.830311739964974,0.6871770135734415,4.607168188650764,4.270695952029551,4.270695952029551,0.691153161953081,0.6832166123573445,5.523458920524919,4.270695952029551,4.137164559405029,2.8154087194227095,4.830311739964974,4.270695952029551,4.42484663185681,0.691153161953081])",1.0
R132,really resource parent. government trade almost group. experts discuss ongoing developments education.,"(10000,[419,1670,2259,3614,4112,4506,4687,5047,7268,7958,8566,9462],[4.137164559405029,4.137164559405029,2.920769235080536,0.6871770135734415,4.137164559405029,0.691153161953081,0.6832166123573445,2.6902455764687034,4.830311739964974,5.523458920524919,4.830311739964974,0.691153161953081])",1.0
R025,purpose risk rate seek beautiful. laugh exist decade against. experts discuss ongoing developments election.,"(10000,[171,253,870,3556,3614,4506,4687,5417,6030,6602,7098,8089,8794,9462],[3.7316994512968646,4.019381523748645,5.117993812416755,2.7826188965997183,0.6871770135734415,0.691153161953081,0.6832166123573445,4.607168188650764,4.607168188650764,4.270695952029551,3.383392757028649,4.019381523748645,4.607168188650764,0.691153161953081])",1.0
F214,teacher short social shoulder value. however spring article east region power. opportunity point follow behind method government. body security win add. — shocking claims secret cure surface internet.,"(10000,[490,503,823,841,911,1029,1262,1644,1702,2398,2634,3892,4346,4416,5710,5850,6015,6576,6747,6756,6976,7281,7936,8159,8338,8344,8708,9367],[5.117993812416755,0.691153161953081,3.6516567436233283,3.914021008090819,4.42484663185681,4.270695952029551,4.137164559405029,4.137164559405029,3.914021008090819,4.270695952029551,4.270695952029551,2.5530444549552183,3.7316994512968646,3.7316994512968646,4.607168188650764,0.691153161953081,4.137164559405029,3.914021008090819,2.5530444549552183,4.137164559405029,3.8187108282864943,0.6792718340663283,0.691153161953081,3.914021008090819,0.691153161953081,4.137164559405029,3.8187108282864943,4.019381523748645])",0.0
R177,central believe fine. go pass training step. hit sell end. experts discuss ongoing developments policy.,"(10000,[292,533,2835,3614,4485,4506,4687,4959,6451,6944,7538,8252,8392,8928,9462],[5.117993812416755,4.42484663185681,5.117993812416755,0.6871770135734415,4.42484663185681,0.691153161953081,0.6832166123573445,5.523458920524919,3.383392757028649,2.7826188965997183,3.914021008090819,3.914021008090819,4.607168188650764,4.270695952029551,0.691153161953081])",1.0
R196,positive trade. data class perform security. experts discuss ongoing developments budget report.,"(10000,[1,1098,1695,3614,4007,4506,4687,4991,5432,7166,8423,9462],[4.137164559405029,3.914021008090819,4.137164559405029,0.6871770135734415,4.019381523748645,0.691153161953081,0.6832166123573445,2.6330871626287546,2.661258039595451,5.523458920524919,4.607168188650764,0.691153161953081])",1.0
R135,staff test trip specific. range let become store. statement religious various home relationship agent television. experts discuss ongoing developments budget report.,"(10000,[165,264,1365,3365,3614,4260,4293,4506,4687,4991,5016,5432,5782,6224,6586,6647,7090,7443,8267,9462,9817],[4.270695952029551,5.523458920524919,4.830311739964974,4.830311739964974,0.6871770135734415,3.7316994512968646,4.270695952029551,0.691153161953081,0.6832166123573445,2.6330871626287546,3.8187108282864943,2.661258039595451,4.607168188650764,4.137164559405029,4.137164559405029,3.914021008090819,4.270695952029551,4.137164559405029,4.42484663185681,0.691153161953081,3.7316994512968646])",1.0
F152,value fight animal management physical despite. including especially explain others choose. interest admit among. decision step hand make article board. — shocking claims government cover-up surface internet.,"(10000,[70,503,1241,1558,1702,2071,2193,2259,2526,3423,3525,4330,4333,5305,5341,5850,6940,7281,7334,7360,7403,7936,8173,8338,8649,8714,9813],[3.914021008090819,0.691153161953081,4.019381523748645,4.42484663185681,3.914021008090819,5.117993812416755,4.270695952029551,2.920769235080536,3.6516567436233283,4.137164559405029,4.137164559405029,4.830311739964974,5.117993812416755,5.523458920524919,4.019381523748645,0.691153161953081,3.7316994512968646,0.6792718340663283,3.914021008090819,3.8187108282864943,4.270695952029551,0.691153161953081,3.8187108282864943,0.691153161953081,4.42484663185681,4.270695952029551,2.997730276216664])",0.0
F180,state central artist gun. arm figure political range page new green. — shocking claims secret cure surface internet.,"(10000,[165,503,585,1808,2827,3892,3935,3984,4110,5850,6747,7016,7281,7586,7936,8338,8928,8931],[4.270695952029551,0.691153161953081,4.270695952029551,3.914021008090819,4.137164559405029,2.5530444549552183,4.270695952029551,4.137164559405029,4.270695952029551,0.691153161953081,2.5530444549552183,4.607168188650764,0.6792718340663283,4.830311739964974,0.691153161953081,0.691153161953081,4.270695952029551,3.914021008090819])",0.0
F003,pick try parent rise station. close author realize across when. — shocking claims secret cure surface internet.,"(10000,[503,1290,1582,3497,3892,4693,4816,5850,6422,6747,7074,7281,7372,7936,8338,9350,9932],[0.691153161953081,5.523458920524919,4.270695952029551,4.607168188650764,2.5530444549552183,4.830311739964974,4.019381523748645,0.691153161953081,5.117993812416755,2.5530444549552183,3.2208738275308737,0.6792718340663283,4.270695952029551,0.691153161953081,0.691153161953081,4.830311739964974,4.42484663185681])",0.0
F244,recent high language box pressure. create guess picture age. local quality sister. — shocking claims celebrity scandal surface internet.,"(10000,[228,503,740,1404,1716,2116,2481,2664,3486,3506,4262,4921,5591,5850,7281,7922,7936,8338,8660],[4.270695952029551,0.691153161953081,5.117993812416755,4.137164559405029,3.8187108282864943,4.019381523748645,3.914021008090819,3.7316994512968646,2.849310271098391,4.270695952029551,5.523458920524919,2.849310271098391,4.270695952029551,0.691153161953081,0.6792718340663283,4.607168188650764,0.691153161953081,0.691153161953081,4.607168188650764])",0.0
F194,plan relationship fund. test member fly. book race care country reach future we. — shocking claims immortal jellyfish surface internet.,"(10000,[393,454,503,2066,2412,4260,5310,5850,6123,6488,6586,6623,6790,7230,7281,7870,7936,8338,8386,9876],[4.137164559405029,3.7316994512968646,0.691153161953081,2.7508701982851385,4.607168188650764,3.7316994512968646,4.137164559405029,0.691153161953081,4.607168188650764,4.270695952029551,4.137164559405029,5.117993812416755,3.7316994512968646,5.523458920524919,0.6792718340663283,4.830311739964974,0.691153161953081,0.691153161953081,4.830311739964974,2.7508701982851385])",0.0
R044,order opportunity week gun. nation voice fish likely have. find list realize edge. experts discuss ongoing developments policy.,"(10000,[309,1226,1376,1582,3530,3614,4014,4506,4687,4882,5122,6944,6976,7510,7586,8728,8859,9462],[4.270695952029551,4.270695952029551,4.137164559405029,4.270695952029551,4.270695952029551,0.6871770135734415,4.270695952029551,0.691153161953081,0.6832166123573445,5.523458920524919,4.42484663185681,2.7826188965997183,3.8187108282864943,4.137164559405029,4.830311739964974,3.2208738275308737,4.607168188650764,0.691153161953081])",1.0
R141,direction language next such. attack another hard team strategy. purpose turn six game center memory. experts discuss ongoing developments economic growth.,"(10000,[468,1480,1716,3614,3629,3886,4506,4687,5125,5401,5693,6079,7516,8089,8166,8273,8554,8975,9034,9144,9462],[4.137164559405029,4.137164559405029,3.8187108282864943,0.6871770135734415,5.523458920524919,4.830311739964974,0.691153161953081,0.6832166123573445,4.019381523748645,4.270695952029551,4.137164559405029,4.607168188650764,4.830311739964974,4.019381523748645,4.270695952029551,4.270695952029551,3.7316994512968646,4.42484663185681,2.920769235080536,2.7200985396183848,0.691153161953081])",1.0
R188,cultural score political arrive current. million nice move kind lot well of. experts discuss ongoing developments climate change.,"(10000,[157,821,1927,2059,2759,3370,3614,3935,4506,4687,4943,6000,6044,6282,7391,8651,9233,9462],[3.2721671219184243,2.849310271098391,4.270695952029551,2.7508701982851385,5.117993812416755,4.019381523748645,0.6871770135734415,4.270695952029551,0.691153161953081,0.6832166123573445,4.019381523748645,4.42484663185681,4.830311739964974,4.137164559405029,4.607168188650764,4.137164559405029,4.137164559405029,0.691153161953081])",1.0
F010,appear field house force born mother member. — shocking claims aliens surface internet.,"(10000,[354,391,503,650,2403,5836,5850,7074,7281,7936,8182,8338,9545],[4.137164559405029,4.42484663185681,0.691153161953081,2.958509563063383,3.8187108282864943,4.42484663185681,0.691153161953081,3.2208738275308737,0.6792718340663283,0.691153161953081,3.8187108282864943,0.691153161953081,4.137164559405029])",0.0
R106,family common reason whatever. church whose inside purpose firm treat. pick figure still rule stock human student guess. experts discuss ongoing developments economic growth.,"(10000,[343,793,1273,1553,2944,3536,3614,3712,4110,4506,4687,6332,7255,7372,8089,8297,8303,8894,9034,9066,9144,9462,9539],[4.137164559405029,4.42484663185681,3.6516567436233283,5.117993812416755,3.7316994512968646,3.914021008090819,0.6871770135734415,4.42484663185681,4.270695952029551,0.691153161953081,0.6832166123573445,3.914021008090819,4.830311739964974,4.270695952029551,4.019381523748645,3.914021008090819,4.270695952029551,3.8187108282864943,2.920769235080536,7.155097542939212,2.7200985396183848,0.691153161953081,3.7316994512968646])",1.0
R049,wrong cost grow evening despite. wrong ask road action response billion. experts discuss ongoing developments research.,"(10000,[629,2404,2445,3507,3614,4330,4490,4506,4687,5286,5725,6512,6633,7066,9462],[4.607168188650764,4.42484663185681,3.914021008090819,4.830311739964974,0.6871770135734415,4.830311739964974,4.019381523748645,0.691153161953081,0.6832166123573445,3.7316994512968646,4.42484663185681,8.541391904059102,4.42484663185681,2.8154087194227095,0.691153161953081])",1.0
R144,scene street why. campaign life physical fight language. experts discuss ongoing developments budget report.,"(10000,[2526,3477,3614,3684,4506,4687,4991,5432,5844,6675,6740,8649,9462,9998],[3.6516567436233283,4.607168188650764,0.6871770135734415,4.137164559405029,0.691153161953081,0.6832166123573445,2.6330871626287546,2.661258039595451,4.137164559405029,4.270695952029551,5.117993812416755,4.42484663185681,0.691153161953081,4.830311739964974])",1.0
F199,involve particularly paper. never amount anything national. local east war truth feel style else. — shocking claims celebrity scandal surface internet.,"(10000,[228,281,503,2069,2114,3115,3486,4921,5850,6271,6443,6576,7222,7281,7682,7936,8000,8338,8719,9757,9766],[4.270695952029551,3.8187108282864943,0.691153161953081,4.270695952029551,4.830311739964974,4.607168188650764,2.849310271098391,2.849310271098391,0.691153161953081,4.270695952029551,3.577548771469606,3.914021008090819,4.137164559405029,0.6792718340663283,4.270695952029551,0.691153161953081,4.137164559405029,0.691153161953081,4.830311739964974,5.523458920524919,4.830311739964974])",0.0
F215,expect often ever term large. final resource window mrs later. — shocking claims secret cure surface internet.,"(10000,[7,503,1653,1670,2188,2403,3059,3691,3713,3892,5594,5850,6747,7281,7936,8338,9751],[4.137164559405029,0.691153161953081,4.137164559405029,4.137164559405029,4.607168188650764,3.8187108282864943,4.270695952029551,5.117993812416755,5.523458920524919,2.5530444549552183,3.914021008090819,0.691153161953081,2.5530444549552183,0.6792718340663283,0.691153161953081,0.691153161953081,4.137164559405029])",0.0
R176,owner clearly simply particularly car. experts discuss ongoing developments economic growth.,"(10000,[1642,3614,4506,4687,6053,6443,8238,8290,9034,9144,9462],[4.607168188650764,0.6871770135734415,0.691153161953081,0.6832166123573445,3.3262343431887,3.577548771469606,4.019381523748645,4.830311739964974,2.920769235080536,2.7200985396183848,0.691153161953081])",1.0
F105,analysis property finally lot about. — shocking claims hoax surface internet.,"(10000,[503,1296,1817,2176,2733,4377,4943,5850,7281,7936,8338],[0.691153161953081,4.137164559405029,3.7316994512968646,5.117993812416755,4.137164559405029,2.60568818844064,4.019381523748645,0.691153161953081,0.6792718340663283,0.691153161953081,0.691153161953081])",0.0
F031,smile goal quickly fly actually form culture particular. ball loss point community east. — shocking claims miracle drug surface internet.,"(10000,[503,1167,1256,2713,3391,4416,5089,5329,5621,5850,5944,6447,7281,7492,7860,7936,8174,8338,8633,8645],[0.691153161953081,4.607168188650764,3.125563647726549,4.270695952029551,3.914021008090819,3.7316994512968646,3.5085558999826545,4.137164559405029,4.019381523748645,0.691153161953081,4.137164559405029,4.607168188650764,0.6792718340663283,4.137164559405029,2.958509563063383,0.691153161953081,3.914021008090819,0.691153161953081,5.117993812416755,4.42484663185681])",0.0
R206,might likely across they. heart security practice agent item husband loss rock. experts discuss ongoing developments research.,"(10000,[309,1777,1916,2634,3614,3924,4280,4506,4687,5016,5329,7066,7074,7208,9296,9462,9808],[4.270695952029551,5.117993812416755,4.607168188650764,4.270695952029551,0.6871770135734415,4.607168188650764,4.42484663185681,0.691153161953081,0.6832166123573445,3.8187108282864943,4.137164559405029,2.8154087194227095,3.2208738275308737,3.914021008090819,5.117993812416755,0.691153161953081,3.7316994512968646])",1.0
F238,two rate so. require development leg administration deal. unit amount modern bag establish important draw. — shocking claims secret cure surface internet.,"(10000,[253,415,503,1783,1967,2336,2871,2923,3759,3892,4728,5185,5850,6290,6335,6747,7222,7281,7936,8338,8449,9470],[4.019381523748645,4.42484663185681,0.691153161953081,4.270695952029551,4.270695952029551,3.7316994512968646,3.914021008090819,4.270695952029551,5.117993812416755,2.5530444549552183,4.137164559405029,3.4440173788450834,0.691153161953081,4.137164559405029,3.7316994512968646,2.5530444549552183,4.137164559405029,0.6792718340663283,0.691153161953081,0.691153161953081,4.019381523748645,5.523458920524919])",0.0
R027,moment professor serious member worry. including candidate various better painting number response. experts discuss ongoing developments climate change.,"(10000,[821,1034,1117,1868,2059,2543,3401,3614,4358,4506,4687,6647,6790,7334,8519,9231,9462],[2.849310271098391,4.270695952029551,3.8187108282864943,5.523458920524919,2.7508701982851385,7.155097542939212,4.270695952029551,0.6871770135734415,4.607168188650764,0.691153161953081,0.6832166123573445,3.914021008090819,3.7316994512968646,3.914021008090819,4.830311739964974,4.830311739964974,0.691153161953081])",1.0
F169,fear think project idea their. region analysis police different. — shocking claims government cover-up surface internet.,"(10000,[503,1296,2230,2259,2335,3409,3876,4108,5850,5958,7281,7936,8159,8338,9513,9813],[0.691153161953081,4.137164559405029,3.8187108282864943,2.920769235080536,3.914021008090819,4.607168188650764,4.270695952029551,5.117993812416755,0.691153161953081,4.137164559405029,0.6792718340663283,0.691153161953081,3.914021008090819,0.691153161953081,4.607168188650764,2.997730276216664])",0.0
F208,wrong send nothing assume. cover hand economy push ball national. direction east sea military. strategy around future remain. — shocking claims aliens surface internet.,"(10000,[217,503,650,2291,2604,3423,4292,4439,5523,5850,5978,6104,6197,6488,6512,6576,7281,7492,7682,7936,8338,8550,8554,9617],[4.019381523748645,0.691153161953081,2.958509563063383,4.270695952029551,5.523458920524919,4.137164559405029,4.270695952029551,5.523458920524919,4.270695952029551,0.691153161953081,4.137164559405029,4.137164559405029,4.607168188650764,4.270695952029551,4.270695952029551,3.914021008090819,0.6792718340663283,4.137164559405029,4.270695952029551,0.691153161953081,0.691153161953081,4.830311739964974,3.7316994512968646,4.019381523748645])",0.0
F212,health anyone loss leave event. join attention dark four per character away. — shocking claims miracle drug surface internet.,"(10000,[298,503,666,697,1243,1256,2913,3144,4867,5279,5329,5850,6830,7281,7860,7936,8338,8805,8952],[4.830311739964974,0.691153161953081,4.270695952029551,4.607168188650764,4.607168188650764,3.125563647726549,3.914021008090819,3.7316994512968646,4.607168188650764,5.523458920524919,4.137164559405029,0.691153161953081,4.607168188650764,0.6792718340663283,2.958509563063383,0.691153161953081,0.691153161953081,4.270695952029551,4.270695952029551])",0.0
F032,world parent though line. expert company simple behind large sell least against. — shocking claims hoax surface internet.,"(10000,[503,914,942,1634,2115,2913,3385,4346,4377,4485,5417,5850,7022,7281,7936,8338,9360,9932],[0.691153161953081,3.914021008090819,3.914021008090819,3.8187108282864943,5.523458920524919,3.914021008090819,3.914021008090819,3.7316994512968646,2.60568818844064,4.42484663185681,4.607168188650764,0.691153161953081,4.42484663185681,0.6792718340663283,0.691153161953081,0.691153161953081,4.019381523748645,4.42484663185681])",0.0
F109,information develop. — shocking claims hoax surface internet.,"(10000,[503,4377,5063,5850,7281,7936,8190,8338],[0.691153161953081,2.60568818844064,5.117993812416755,0.691153161953081,0.6792718340663283,0.691153161953081,3.914021008090819,0.691153161953081])",0.0
R111,art blood congress evening miss power rule. notice support something heart. system place perhaps picture help. experts discuss ongoing developments policy.,"(10000,[691,1071,1259,1525,2359,2481,3056,3614,3952,3996,4506,4687,5286,6390,6944,7711,7854,8217,8728,9462,9826],[5.117993812416755,4.137164559405029,4.270695952029551,4.019381523748645,4.019381523748645,3.914021008090819,4.42484663185681,0.6871770135734415,4.607168188650764,3.8187108282864943,0.691153161953081,0.6832166123573445,3.7316994512968646,4.019381523748645,2.7826188965997183,4.42484663185681,3.8187108282864943,4.607168188650764,3.2208738275308737,0.691153161953081,4.270695952029551])",1.0
F078,address interview long majority poor bring per. girl full single nature. remember address fight industry. administration design outside at. — shocking claims aliens surface internet.,"(10000,[503,650,662,1029,1236,2526,3057,3922,4454,5185,5685,5850,6035,7152,7281,7889,7936,8103,8338,8346,8568,8897,8904,9244],[0.691153161953081,2.958509563063383,5.523458920524919,4.270695952029551,4.607168188650764,3.6516567436233283,4.270695952029551,3.577548771469606,8.84969326371362,3.4440173788450834,3.577548771469606,0.691153161953081,3.5085558999826545,5.523458920524919,0.6792718340663283,4.270695952029551,0.691153161953081,3.914021008090819,0.691153161953081,4.830311739964974,3.914021008090819,3.8187108282864943,4.270695952029551,4.019381523748645])",0.0
R105,quickly hair economic beautiful explain carry enough bar. total level. memory north smile total mention. article body performance red. experts discuss ongoing developments budget report.,"(10000,[454,841,1073,1273,1702,1778,1811,2713,3391,3614,4506,4687,4748,4991,5341,5432,6279,6941,7664,9121,9144,9351,9462,9948],[3.7316994512968646,3.914021008090819,4.42484663185681,3.6516567436233283,3.914021008090819,4.019381523748645,5.523458920524919,4.270695952029551,3.914021008090819,0.6871770135734415,0.691153161953081,0.6832166123573445,4.270695952029551,2.6330871626287546,4.019381523748645,2.661258039595451,8.03876304749729,4.42484663185681,4.607168188650764,4.830311739964974,2.7200985396183848,4.270695952029551,0.691153161953081,5.523458920524919])",1.0
F196,race agent believe two produce water. field easy matter culture food smile allow reflect. chance source case. — shocking claims government cover-up surface internet.,"(10000,[346,454,503,533,760,1648,2259,2402,2713,3973,4728,4835,5016,5850,6752,7074,7281,7721,7936,8338,8634,8645,8653,9813],[4.607168188650764,3.7316994512968646,0.691153161953081,4.42484663185681,4.137164559405029,4.270695952029551,2.920769235080536,4.270695952029551,4.270695952029551,4.830311739964974,4.137164559405029,4.42484663185681,3.8187108282864943,0.691153161953081,5.523458920524919,3.2208738275308737,0.6792718340663283,3.7316994512968646,0.691153161953081,0.691153161953081,5.523458920524919,4.42484663185681,4.830311739964974,2.997730276216664])",0.0
F118,another position strong think health. star everyone popular order institution. set energy sit century soon business. — shocking claims immortal jellyfish surface internet.,"(10000,[503,1041,1226,1339,2066,2335,4546,5170,5342,5850,6148,6219,6355,6946,7180,7281,7841,7936,8166,8307,8338,8893,9876],[0.691153161953081,5.117993812416755,4.270695952029551,4.019381523748645,2.7508701982851385,3.914021008090819,5.523458920524919,4.019381523748645,4.270695952029551,0.691153161953081,4.270695952029551,3.0811118851557153,4.42484663185681,4.019381523748645,5.523458920524919,0.6792718340663283,4.019381523748645,0.691153161953081,4.270695952029551,4.270695952029551,0.691153161953081,4.137164559405029,2.7508701982851385])",0.0
F077,choose maybe change stop surface. executive garden building use. building fall generation least memory. — shocking claims secret cure surface internet.,"(10000,[387,503,796,1634,3729,3892,4818,5417,5850,5852,5936,6079,6747,6963,7281,7936,8338,9021,9706,9966],[4.019381523748645,0.691153161953081,3.7316994512968646,3.8187108282864943,4.607168188650764,2.5530444549552183,4.270695952029551,4.607168188650764,0.691153161953081,8.84969326371362,4.137164559405029,4.607168188650764,2.5530444549552183,4.019381523748645,0.6792718340663283,0.691153161953081,0.691153161953081,4.42484663185681,4.42484663185681,4.270695952029551])",0.0
F070,likely member sure fly government score land. social artist major. base especially morning. — shocking claims government cover-up surface internet.,"(10000,[309,503,823,1821,1927,2259,4115,5850,5944,6790,7281,7936,8173,8338,8931,9123,9813,9829],[4.270695952029551,0.691153161953081,3.6516567436233283,4.42484663185681,4.270695952029551,5.841538470161072,5.117993812416755,0.691153161953081,4.137164559405029,3.7316994512968646,0.6792718340663283,0.691153161953081,7.637421656572989,0.691153161953081,3.914021008090819,4.830311739964974,2.997730276216664,5.523458920524919])",0.0
F041,worry trade middle go catch though best. western design government someone past. successful reason feeling leader song next score. answer develop ahead back weight after. — shocking claims immortal jellyfish surface internet.,"(10000,[419,503,524,613,1241,1526,2039,2066,2259,2944,3308,3385,3619,3671,3922,5659,5850,6043,6451,7195,7281,7350,7936,7949,8004,8268,8273,8338,8343,8430,9876,9878],[4.137164559405029,0.691153161953081,3.577548771469606,4.019381523748645,4.019381523748645,4.019381523748645,5.523458920524919,2.7508701982851385,2.920769235080536,3.7316994512968646,5.523458920524919,3.914021008090819,4.42484663185681,4.607168188650764,3.577548771469606,4.270695952029551,0.691153161953081,5.117993812416755,3.383392757028649,4.830311739964974,0.6792718340663283,3.914021008090819,0.691153161953081,4.019381523748645,3.914021008090819,3.577548771469606,4.270695952029551,0.691153161953081,3.8187108282864943,5.117993812416755,2.7508701982851385,4.137164559405029])",0.0
R026,fact full page option girl learn. sign leg thought. experts discuss ongoing developments policy.,"(10000,[1029,1035,2827,3614,4461,4506,4687,6290,6756,6944,7215,8897,9462,9613],[4.270695952029551,4.607168188650764,4.137164559405029,0.6871770135734415,5.117993812416755,0.691153161953081,0.6832166123573445,4.137164559405029,4.137164559405029,2.7826188965997183,4.42484663185681,3.8187108282864943,0.691153161953081,3.914021008090819])",1.0
R207,career change detail eye. help cover million. thing somebody scientist during. experts discuss ongoing developments policy.,"(10000,[387,1143,2600,3089,3614,3857,4506,4687,4930,6104,6226,6944,7098,7724,9347,9462],[4.019381523748645,3.8187108282864943,5.117993812416755,4.42484663185681,0.6871770135734415,4.830311739964974,0.691153161953081,0.6832166123573445,4.270695952029551,4.137164559405029,3.8187108282864943,2.7826188965997183,3.383392757028649,4.830311739964974,3.5085558999826545,0.691153161953081])",1.0
F163,system win language site manager visit. cost research inside happy. — shocking claims secret cure surface internet.,"(10000,[371,503,1652,1716,2398,2956,3892,3996,4490,5850,5891,6747,7281,7936,8338,9066,9432],[5.523458920524919,0.691153161953081,4.270695952029551,3.8187108282864943,4.270695952029551,5.117993812416755,2.5530444549552183,3.8187108282864943,4.019381523748645,0.691153161953081,3.7316994512968646,2.5530444549552183,0.6792718340663283,0.691153161953081,0.691153161953081,3.577548771469606,3.7316994512968646])",0.0
F171,body board avoid area compare. song pattern. send life explain everything listen television go. situation school lay wonder sing by. — shocking claims government cover-up surface internet.,"(10000,[429,503,841,1388,1804,2259,2679,3136,3477,4475,4570,4702,4723,5341,5523,5649,5850,6451,7281,7350,7454,7936,8326,8338,8713,9156,9813],[5.117993812416755,0.691153161953081,3.914021008090819,3.8187108282864943,5.523458920524919,2.920769235080536,4.137164559405029,4.607168188650764,4.607168188650764,4.42484663185681,4.830311739964974,4.270695952029551,4.42484663185681,4.019381523748645,4.270695952029551,3.8187108282864943,0.691153161953081,3.383392757028649,0.6792718340663283,3.914021008090819,4.270695952029551,0.691153161953081,4.607168188650764,0.691153161953081,4.137164559405029,3.914021008090819,2.997730276216664])",0.0
F139,administration player as. low american course western course lose. — shocking claims immortal jellyfish surface internet.,"(10000,[503,524,2066,3652,5017,5185,5850,6035,6604,7281,7652,7936,8338,8411,9876],[0.691153161953081,3.577548771469606,2.7508701982851385,8.84969326371362,5.523458920524919,3.4440173788450834,0.691153161953081,3.5085558999826545,4.019381523748645,0.6792718340663283,4.607168188650764,0.691153161953081,0.691153161953081,3.6516567436233283,2.7508701982851385])",0.0
F120,example yes energy whose hour win. fund give fight from. peace value attack us good. — shocking claims miracle drug surface internet.,"(10000,[503,527,1256,2526,3079,3495,3783,4638,5044,5693,5850,6436,6660,6697,7281,7403,7860,7936,8307,8338,9539,9606],[0.691153161953081,4.270695952029551,3.125563647726549,3.6516567436233283,4.270695952029551,5.117993812416755,4.607168188650764,4.42484663185681,3.8187108282864943,4.137164559405029,0.691153161953081,4.830311739964974,4.42484663185681,3.4440173788450834,0.6792718340663283,4.270695952029551,2.958509563063383,0.691153161953081,4.270695952029551,0.691153161953081,3.7316994512968646,4.42484663185681])",0.0
F146,coach door already fall. institution half talk happy safe. — shocking claims mind control surface internet.,"(10000,[503,594,1208,1780,2091,3184,3243,3488,3514,4847,5347,5850,7281,7936,8338,8925],[0.691153161953081,4.137164559405029,2.8844015909096608,3.914021008090819,5.523458920524919,2.8154087194227095,3.8187108282864943,5.117993812416755,4.270695952029551,4.607168188650764,4.019381523748645,0.691153161953081,0.6792718340663283,0.691153161953081,0.691153161953081,4.42484663185681])",0.0
R115,near message experience. understand grow across organization production painting. experts discuss ongoing developments research.,"(10000,[1364,2072,2404,2715,3614,4506,4687,5974,6487,7066,7074,7138,8353,9462],[4.270695952029551,5.523458920524919,4.42484663185681,3.914021008090819,0.6871770135734415,0.691153161953081,0.6832166123573445,3.4440173788450834,3.4440173788450834,2.8154087194227095,3.2208738275308737,5.117993812416755,3.8187108282864943,0.691153161953081])",1.0
F039,push land water. green study serious really clear. — shocking claims aliens surface internet.,"(10000,[503,551,650,1117,1401,3973,4112,4224,5850,5978,7148,7281,7936,8338],[0.691153161953081,4.42484663185681,2.958509563063383,3.8187108282864943,4.607168188650764,4.830311739964974,4.137164559405029,4.270695952029551,0.691153161953081,4.137164559405029,3.8187108282864943,0.6792718340663283,0.691153161953081,0.691153161953081])",0.0
F225,ever tax community must candidate. agency across every exist table. — shocking claims hoax surface internet.,"(10000,[503,547,765,1023,4377,5594,5850,6404,6587,6602,7074,7281,7936,8174,8338,9681],[0.691153161953081,5.117993812416755,4.42484663185681,4.270695952029551,2.60568818844064,3.914021008090819,0.691153161953081,4.270695952029551,4.019381523748645,4.270695952029551,3.2208738275308737,0.6792718340663283,0.691153161953081,3.914021008090819,0.691153161953081,3.7316994512968646])",0.0
F140,agency spend american time. inside network memory available. director drop rate so. — shocking claims aliens surface internet.,"(10000,[253,353,503,650,765,1783,1853,2481,5276,5850,6941,7281,7652,7936,8338,8577,9066,9152],[4.019381523748645,4.137164559405029,0.691153161953081,2.958509563063383,4.42484663185681,4.270695952029551,4.019381523748645,3.914021008090819,4.830311739964974,0.691153161953081,4.42484663185681,0.6792718340663283,4.607168188650764,0.691153161953081,0.691153161953081,4.42484663185681,3.577548771469606,3.914021008090819])",0.0
F122,movement remember manage carry daughter. go season. — shocking claims mind control surface internet.,"(10000,[454,503,1208,3184,5294,5685,5850,6451,6836,7140,7281,7883,7936,8338],[3.7316994512968646,0.691153161953081,2.8844015909096608,2.8154087194227095,5.117993812416755,3.577548771469606,0.691153161953081,3.383392757028649,4.607168188650764,4.830311739964974,0.6792718340663283,3.914021008090819,0.691153161953081,0.691153161953081])",0.0
R070,administration least hour contain yes traditional late. meet law special including admit both. discuss seem expert reveal population. experts discuss ongoing developments budget report.,"(10000,[527,914,1055,1507,1634,2588,3614,3979,4486,4506,4687,4991,5044,5185,5432,6151,6599,7334,7493,8506,8714,9462,9940],[4.270695952029551,3.914021008090819,4.607168188650764,4.607168188650764,3.8187108282864943,4.42484663185681,1.374354027146883,4.270695952029551,3.914021008090819,0.691153161953081,0.6832166123573445,2.6330871626287546,3.8187108282864943,3.4440173788450834,2.661258039595451,4.830311739964974,4.830311739964974,3.914021008090819,4.019381523748645,5.117993812416755,4.270695952029551,0.691153161953081,3.7316994512968646])",1.0
F248,system thank research. drug scientist property network. bar say sport week avoid trouble tax cover. — shocking claims celebrity scandal surface internet.,"(10000,[503,1388,1687,2733,2909,3486,3996,4921,5122,5850,5862,6226,6587,7066,7281,7332,7515,7860,7936,8278,8338,8867],[0.691153161953081,3.8187108282864943,4.270695952029551,4.137164559405029,4.137164559405029,2.849310271098391,3.8187108282864943,2.849310271098391,4.42484663185681,0.691153161953081,4.607168188650764,3.8187108282864943,4.019381523748645,2.8154087194227095,0.6792718340663283,4.270695952029551,5.523458920524919,2.958509563063383,0.691153161953081,4.019381523748645,0.691153161953081,4.607168188650764])",0.0
R016,speak mission walk natural international develop name. room none speak. industry house store. morning reflect return fill wall. experts discuss ongoing developments technology breakthrough.,"(10000,[188,494,635,1020,1241,2227,3010,3072,3160,3614,4506,4687,4732,4988,5321,5750,5836,6069,6142,7443,8919,9462,9727,9831],[3.914021008090819,5.117993812416755,4.270695952029551,2.6330871626287546,4.019381523748645,2.7200985396183848,4.42484663185681,5.117993812416755,4.270695952029551,0.6871770135734415,0.691153161953081,0.6832166123573445,3.914021008090819,4.270695952029551,4.607168188650764,4.830311739964974,4.42484663185681,3.7316994512968646,3.914021008090819,4.137164559405029,5.523458920524919,0.691153161953081,4.019381523748645,4.270695952029551])",1.0
R148,anyone player whose player hundred although. seem bit list newspaper brother help. evening right group true stay. experts discuss ongoing developments technology breakthrough.,"(10000,[291,666,1020,1790,1989,2227,2588,3238,3614,3952,4506,4687,5175,5286,6604,6852,7188,7766,8728,9462,9539,9766],[3.7316994512968646,4.270695952029551,2.6330871626287546,4.019381523748645,4.270695952029551,2.7200985396183848,4.42484663185681,4.830311739964974,0.6871770135734415,4.607168188650764,0.691153161953081,0.6832166123573445,4.270695952029551,3.7316994512968646,8.03876304749729,5.117993812416755,4.270695952029551,4.270695952029551,3.2208738275308737,0.691153161953081,3.7316994512968646,4.830311739964974])",1.0
R142,president right baby. behind list finish peace look market. fly green exist seek material. experts discuss ongoing developments budget report.,"(10000,[171,551,1306,1790,3614,4346,4506,4687,4991,5432,5616,5944,6578,6602,6697,8353,8728,9367,9462,9939],[3.7316994512968646,4.42484663185681,4.607168188650764,4.019381523748645,0.6871770135734415,3.7316994512968646,0.691153161953081,0.6832166123573445,2.6330871626287546,2.661258039595451,4.607168188650764,4.137164559405029,4.137164559405029,4.270695952029551,3.4440173788450834,3.8187108282864943,3.2208738275308737,4.019381523748645,0.691153161953081,4.607168188650764])",1.0
F141,amount place third case add. list mrs lose various return. image huge decide leg. list director idea picture meeting look week. — shocking claims miracle drug surface internet.,"(10000,[20,503,1238,1256,1853,2198,2302,2481,4422,5303,5850,5958,6342,6390,6647,7222,7281,7860,7936,8293,8338,8344,8684,8728,8771,9751,9939],[4.270695952029551,0.691153161953081,4.830311739964974,3.125563647726549,4.019381523748645,4.830311739964974,4.830311739964974,3.914021008090819,4.607168188650764,4.607168188650764,0.691153161953081,4.137164559405029,4.137164559405029,4.019381523748645,3.914021008090819,4.137164559405029,0.6792718340663283,2.958509563063383,0.691153161953081,4.270695952029551,0.691153161953081,4.137164559405029,5.117993812416755,6.441747655061747,4.019381523748645,4.137164559405029,4.607168188650764])",0.0
R076,serious provide lawyer crime outside foreign. experts discuss ongoing developments technology breakthrough.,"(10000,[731,1020,1117,2227,3614,3822,4506,4687,5946,8568,9021,9462],[4.607168188650764,2.6330871626287546,3.8187108282864943,2.7200985396183848,0.6871770135734415,5.117993812416755,0.691153161953081,0.6832166123573445,4.270695952029551,3.914021008090819,4.42484663185681,0.691153161953081])",1.0
R180,begin part else know family describe. dream ball husband attention. growth economic perform defense politics kind. experts discuss ongoing developments budget report.,"(10000,[320,1098,1513,2366,2784,3543,3614,4506,4687,4991,5034,5432,5887,7208,7309,7492,7779,8203,8297,8740,9144,9462],[3.577548771469606,3.914021008090819,4.270695952029551,5.117993812416755,4.830311739964974,3.577548771469606,0.6871770135734415,0.691153161953081,0.6832166123573445,2.6330871626287546,4.830311739964974,2.661258039595451,4.607168188650764,3.914021008090819,5.523458920524919,4.137164559405029,4.019381523748645,5.523458920524919,3.914021008090819,4.137164559405029,2.7200985396183848,0.691153161953081])",1.0
F126,none ahead win meeting. water action discover class magazine. matter memory leader couple east today represent respond. — shocking claims aliens surface internet.,"(10000,[503,650,1526,2398,2402,2419,2589,3916,4007,4170,5850,6576,6633,6941,7032,7281,7702,7936,8268,8338,8717,9806,9831],[0.691153161953081,2.958509563063383,4.019381523748645,4.270695952029551,4.270695952029551,4.830311739964974,3.914021008090819,5.523458920524919,4.019381523748645,3.8187108282864943,0.691153161953081,3.914021008090819,4.42484663185681,4.42484663185681,4.830311739964974,0.6792718340663283,4.270695952029551,0.691153161953081,3.577548771469606,0.691153161953081,4.607168188650764,4.019381523748645,4.270695952029551])",0.0
R134,seven fact idea. thank season production trade better happen. power anyone receive prove improve international report. experts discuss ongoing developments economic growth.,"(10000,[188,419,666,1375,1687,2358,2408,2543,3056,3614,4506,4617,4687,5214,5432,6235,7215,7850,8353,9034,9144,9462],[3.914021008090819,4.137164559405029,4.270695952029551,5.117993812416755,4.270695952029551,4.607168188650764,3.914021008090819,3.577548771469606,4.42484663185681,0.6871770135734415,0.691153161953081,5.117993812416755,0.6832166123573445,4.019381523748645,2.661258039595451,5.523458920524919,4.42484663185681,4.42484663185681,3.8187108282864943,2.920769235080536,2.7200985396183848,0.691153161953081])",1.0
F132,make leg husband place. bed must thus make challenge. — shocking claims mind control surface internet.,"(10000,[503,1023,1208,3184,3525,4131,5684,5850,6290,7208,7281,7936,8172,8338,9497],[0.691153161953081,4.270695952029551,2.8844015909096608,2.8154087194227095,8.274329118810059,5.117993812416755,4.019381523748645,0.691153161953081,4.137164559405029,3.914021008090819,0.6792718340663283,0.691153161953081,5.117993812416755,0.691153161953081,3.914021008090819])",0.0
F230,focus style science direction picture star. baby service less later commercial. — shocking claims immortal jellyfish surface internet.,"(10000,[503,560,1195,1348,2066,2252,2481,3363,3931,4613,5850,6097,7281,7936,8000,8338,8554,9876],[0.691153161953081,4.270695952029551,3.914021008090819,4.137164559405029,2.7508701982851385,4.270695952029551,3.914021008090819,4.270695952029551,3.5085558999826545,5.523458920524919,0.691153161953081,4.42484663185681,0.6792718340663283,0.691153161953081,4.137164559405029,0.691153161953081,3.7316994512968646,2.7508701982851385])",0.0
F243,follow foot old resource agreement. feeling shoulder street issue make never. — shocking claims aliens surface internet.,"(10000,[503,613,650,1670,3525,3684,5850,6616,6756,7040,7083,7281,7890,7936,8338,9367,9892],[0.691153161953081,4.019381523748645,2.958509563063383,4.137164559405029,4.137164559405029,4.137164559405029,0.691153161953081,4.019381523748645,4.137164559405029,5.117993812416755,4.270695952029551,0.6792718340663283,5.117993812416755,0.691153161953081,0.691153161953081,4.019381523748645,4.607168188650764])",0.0
R191,account focus involve so. activity less word carry property. experts discuss ongoing developments budget report.,"(10000,[454,1195,1783,3519,3614,3931,4506,4687,4991,5432,6271,8110,8208,9187,9462],[3.7316994512968646,3.914021008090819,4.270695952029551,4.137164559405029,0.6871770135734415,3.5085558999826545,0.691153161953081,0.6832166123573445,2.6330871626287546,2.661258039595451,4.270695952029551,5.117993812416755,4.830311739964974,4.270695952029551,0.691153161953081])",1.0
R130,individual including south hotel may current. little carry like attorney talk race. analysis process attention fast nearly. experts discuss ongoing developments public health.,"(10000,[320,454,1296,1590,1770,2437,2663,3144,3330,3614,4506,4687,4816,4853,6000,6219,7334,8040,8614,8925,9160,9263,9462],[3.577548771469606,3.7316994512968646,4.137164559405029,4.607168188650764,2.920769235080536,5.117993812416755,4.019381523748645,3.7316994512968646,4.019381523748645,0.6871770135734415,0.691153161953081,0.6832166123573445,4.019381523748645,4.607168188650764,4.42484663185681,3.0811118851557153,3.914021008090819,3.914021008090819,4.42484663185681,4.42484663185681,4.830311739964974,4.830311739964974,0.691153161953081])",1.0
F081,deep economy establish local. provide interest wife response every generation sell. natural weight mother. — shocking claims mind control surface internet.,"(10000,[70,217,503,1208,1310,1762,2445,2923,3021,3184,4988,5850,5946,6963,7177,7281,7936,8004,8338,9325,9681],[3.914021008090819,4.019381523748645,0.691153161953081,2.8844015909096608,5.523458920524919,3.6516567436233283,3.914021008090819,4.270695952029551,4.019381523748645,2.8154087194227095,4.270695952029551,0.691153161953081,4.270695952029551,4.019381523748645,4.607168188650764,0.6792718340663283,0.691153161953081,3.914021008090819,0.691153161953081,5.523458920524919,3.7316994512968646])",0.0
R209,remain traditional culture story stage. parent probably body election. level top increase heavy someone. experts discuss ongoing developments technology breakthrough.,"(10000,[841,1020,1499,2227,2297,3409,3556,3614,4486,4506,4687,5205,5328,6643,6855,7963,8645,8949,9462,9932],[3.914021008090819,2.6330871626287546,3.914021008090819,2.7200985396183848,4.607168188650764,4.607168188650764,2.7826188965997183,0.6871770135734415,3.914021008090819,0.691153161953081,0.6832166123573445,4.42484663185681,3.8187108282864943,5.523458920524919,4.137164559405029,4.42484663185681,4.42484663185681,4.42484663185681,0.691153161953081,4.42484663185681])",1.0
F228,institution ever couple art table. goal like budget level everyone authority significant. mrs choose move full ready national production. — shocking claims hoax surface internet.,"(10000,[503,1176,1499,1640,2126,3243,3330,4377,4991,5089,5594,5850,6282,6404,6557,7281,7702,7854,7910,7936,8338,8893,8897,9706,9751],[0.691153161953081,4.137164559405029,3.914021008090819,5.523458920524919,4.607168188650764,3.8187108282864943,4.019381523748645,2.60568818844064,2.6330871626287546,3.5085558999826545,3.914021008090819,0.691153161953081,4.137164559405029,4.270695952029551,3.914021008090819,0.6792718340663283,4.270695952029551,3.8187108282864943,4.270695952029551,0.691153161953081,0.691153161953081,4.137164559405029,3.8187108282864943,4.42484663185681,4.137164559405029])",0.0
R030,sort teach able half sister remain majority. energy fund yet realize. experts discuss ongoing developments budget report.,"(10000,[1780,2710,3496,3521,3614,3709,4037,4506,4638,4687,4991,5205,5432,5720,8307,8522,9462],[3.914021008090819,4.607168188650764,4.019381523748645,4.019381523748645,0.6871770135734415,5.523458920524919,4.137164559405029,0.691153161953081,4.42484663185681,0.6832166123573445,2.6330871626287546,4.42484663185681,2.661258039595451,4.42484663185681,4.270695952029551,4.270695952029551,0.691153161953081])",1.0
R214,thus year doctor table option blood amount. scene easy evening. experts discuss ongoing developments education.,"(10000,[760,777,2095,2359,3614,3931,4011,4506,4687,5047,5684,5844,8899,9462,9613],[4.137164559405029,4.830311739964974,4.830311739964974,4.019381523748645,0.6871770135734415,3.5085558999826545,5.523458920524919,0.691153161953081,0.6832166123573445,2.6902455764687034,4.019381523748645,4.137164559405029,4.019381523748645,0.691153161953081,3.914021008090819])",1.0
R175,book defense science owner answer view possible. spring manager success million. experts discuss ongoing developments economic growth.,"(10000,[393,1644,1652,2272,3363,3543,3614,3619,4506,4687,6053,7293,7724,9034,9144,9462,9828],[4.137164559405029,4.137164559405029,4.270695952029551,5.117993812416755,4.270695952029551,3.577548771469606,0.6871770135734415,4.42484663185681,0.691153161953081,0.6832166123573445,3.3262343431887,4.42484663185681,4.830311739964974,2.920769235080536,2.7200985396183848,0.691153161953081,4.830311739964974])",1.0
