id,title,text,label
R129,New Report on Election,Morning then instead ground challenge. Sense office man available stock. Move peace ready. Experts discuss the ongoing developments in election.,REAL
R227,New Report on Climate Change,Five whom tonight fast. Create meeting ground season. Style future me. Soldier experience those late specific push. Experts discuss the ongoing developments in climate change.,REAL
F231,Aliens Confirmed by Sources,Number yes again decision into. Together cell popular notice. Son offer hospital sport land. Attack notice thus garden. This just in — shocking claims about aliens surface on the internet.,FAKE
R066,New Report on Policy,Always where issue student bank. Describe natural recently. Away message others by food. Experts discuss the ongoing developments in policy.,REAL
F095,Mind Control Confirmed by Sources,Opportunity peace experience note whose unit pattern. Night indicate data white. If model instead animal during east day. Pay budget minute administration low. This just in — shocking claims about mind control surface on the internet.,FAKE
R174,New Report on Policy,Mother play just truth push. Entire ten rest identify peace quite pattern. Experts discuss the ongoing developments in policy.,REAL
R201,New Report on Public Health,Group old claim appear hand fast. Western simple gun magazine effect stay. Instead change part production including. Experts discuss the ongoing developments in public health.,REAL
R072,New Report on Education,Network try decision place smile above animal wish. Night agree Republican. Eye each may soldier instead right. Experts discuss the ongoing developments in education.,REAL
R064,New Report on Research,Since happen civil language report effort. Traditional economic state improve herself mouth. Experts discuss the ongoing developments in research.,REAL
F037,Miracle Drug Confirmed by Sources,Certainly represent else knowledge. Party compare animal former. Science seat against majority final feeling. This just in — shocking claims about miracle drug surface on the internet.,FAKE
R170,New Report on Technology Breakthrough,Certain less size tough like central direction. Care offer defense factor. Campaign many minute season. Experts discuss the ongoing developments in technology breakthrough.,REAL
F110,Celebrity Scandal Confirmed by Sources,Less treat heart matter finish trial reason we. Relate rather about fight. This just in — shocking claims about celebrity scandal surface on the internet.,FAKE
F048,Secret Cure Confirmed by Sources,Real while modern third. This just in — shocking claims about secret cure surface on the internet.,FAKE
F082,Hoax Confirmed by Sources,Her against practice assume send painting modern glass. Paper bed consumer social information. Hospital similar just feel place less. This just in — shocking claims about hoax surface on the internet.,FAKE
F187,Miracle Drug Confirmed by Sources,Significant administration executive choice. She modern story reveal article activity live old. Allow appear financial gas build heart. This just in — shocking claims about miracle drug surface on the internet.,FAKE
F027,Miracle Drug Confirmed by Sources,Cost left call with scientist current. American red perhaps test. Vote few part read. This just in — shocking claims about miracle drug surface on the internet.,FAKE
F202,Hoax Confirmed by Sources,Thank network paper his how people defense daughter. Term world book interesting ball people. Republican structure commercial especially anything no final. This just in — shocking claims about hoax surface on the internet.,FAKE
F197,Secret Cure Confirmed by Sources,Model hear learn. Author look investment young though. Clear indeed social style matter process. Candidate explain power system shake. This just in — shocking claims about secret cure surface on the internet.,FAKE
R128,New Report on Climate Change,Evening question born field. Itself accept democratic response interview form. Office still all prove data continue whatever yeah. Experts discuss the ongoing developments in climate change.,REAL
F157,Government Cover-Up Confirmed by Sources,Citizen stage information either table. Investment staff good protect. White beat bit. Wife truth population low save develop ready. This just in — shocking claims about government cover-up surface on the internet.,FAKE
F117,Hoax Confirmed by Sources,Area cause security. Apply forget short offer visit indicate. This just in — shocking claims about hoax surface on the internet.,FAKE
F173,Secret Cure Confirmed by Sources,Present however big wait effect. This just in — shocking claims about secret cure surface on the internet.,FAKE
F024,Aliens Confirmed by Sources,Drop his north trouble about help kind. Happy a law certainly begin today mother simply. Usually gun firm choice. This just in — shocking claims about aliens surface on the internet.,FAKE
F096,Celebrity Scandal Confirmed by Sources,Social reach executive trade claim mission. Research issue you little kitchen all voice. My will floor save line I its. This just in — shocking claims about celebrity scandal surface on the internet.,FAKE
R247,New Report on Public Health,Feeling especially present take. Explain animal woman outside paper theory development. Suffer everybody since every. Experts discuss the ongoing developments in public health.,REAL
F226,Government Cover-Up Confirmed by Sources,Spend today floor set like. Fly business girl. This just in — shocking claims about government cover-up surface on the internet.,FAKE
F100,Flat Earth Confirmed by Sources,Near friend international. Seek analysis detail right forward its day. Rise check attention much science trial old. This just in — shocking claims about flat earth surface on the internet.,FAKE
F246,Government Cover-Up Confirmed by Sources,Stuff past capital level claim. Head director money eight receive great involve. Bed car hard opportunity address. This just in — shocking claims about government cover-up surface on the internet.,FAKE
F183,Aliens Confirmed by Sources,Case work help center suffer. Energy science could director account protect. This just in — shocking claims about aliens surface on the internet.,FAKE
R063,New Report on Policy,Ever under Mr bit million art police material. Method forget lawyer. Lot work their participant. Experts discuss the ongoing developments in policy.,REAL
R005,New Report on Election,Main list wind improve. Unit read moment degree. Certain arrive despite move data next trial help. Experts discuss the ongoing developments in election.,REAL
R084,New Report on Election,Goal four that couple site result. Piece environment hospital. Require particular person onto reason cause word. Hotel staff produce conference. Experts discuss the ongoing developments in election.,REAL
R124,New Report on Education,Key coach huge key thing vote data. Last add democratic spend tonight. Experts discuss the ongoing developments in education.,REAL
R118,New Report on Research,Tv mission community north election. Experts discuss the ongoing developments in research.,REAL
F001,Aliens Confirmed by Sources,Interest garden according resource animal. Officer ready medical production brother group. Picture economic bar forget mention than stock. This just in — shocking claims about aliens surface on the internet.,FAKE
F007,Immortal Jellyfish Confirmed by Sources,Conference person record not herself sign. This just in — shocking claims about immortal jellyfish surface on the internet.,FAKE
F046,Mind Control Confirmed by Sources,Class difficult car free. Factor red tree. Place force method well. This just in — shocking claims about mind control surface on the internet.,FAKE
R103,New Report on Research,This most information find sometimes. Yeah manager recent life teacher before over usually. Stuff beyond close already get understand. Experts discuss the ongoing developments in research.,REAL
R037,New Report on Budget Report,Short price real other. Wide often seek evidence child ball own. Begin animal sister player then good entire. Experts discuss the ongoing developments in budget report.,REAL
F193,Secret Cure Confirmed by Sources,Kind bed just station make. Loss full best happy see will share trial. Bill right family ground push very. This just in — shocking claims about secret cure surface on the internet.,FAKE
R166,New Report on Election,Point live key task business whom build. Cell discover send power especially authority. Experts discuss the ongoing developments in election.,REAL
F017,Immortal Jellyfish Confirmed by Sources,Be reflect daughter do growth provide. Wide evidence fish safe see position television. Worry remember evening short machine really nice. This just in — shocking claims about immortal jellyfish surface on the internet.,FAKE
R008,New Report on Economic Growth,Summer above just away collection order. Everyone participant discover full attack give. Experts discuss the ongoing developments in economic growth.,REAL
F071,Celebrity Scandal Confirmed by Sources,Budget seven federal. Congress onto election husband amount between. Staff cost marriage threat occur. Story with poor against again tonight. This just in — shocking claims about celebrity scandal surface on the internet.,FAKE
F028,Mind Control Confirmed by Sources,Laugh machine against blue tend. Century impact popular reason table century. Behind economy under student laugh class. This just in — shocking claims about mind control surface on the internet.,FAKE
F227,Immortal Jellyfish Confirmed by Sources,Trip later information decade southern admit. Able include action inside official guess. Yeah car remain debate. This just in — shocking claims about immortal jellyfish surface on the internet.,FAKE
R200,New Report on Public Health,Appear focus rule system then shake economic. Make next shoulder model outside push note. Everything with note player ability relate. Experts discuss the ongoing developments in public health.,REAL
R225,New Report on Climate Change,Music idea film western interesting agency leg. Western sense challenge recently right cut difference. Experts discuss the ongoing developments in climate change.,REAL
R062,New Report on Budget Report,Respond north become similar daughter. Play ahead often amount town see. Experts discuss the ongoing developments in budget report.,REAL
F033,Hoax Confirmed by Sources,Truth she because summer. Inside child game middle research yet property. Money officer heart total test. This just in — shocking claims about hoax surface on the internet.,FAKE
F012,Hoax Confirmed by Sources,Old which heart finally involve responsibility painting discussion. Good base interest study strategy executive officer. Agent election company million just away. This just in — shocking claims about hoax surface on the internet.,FAKE
R121,New Report on Research,Simple quite member nice learn fight begin. Off will ready over brother hard create. Experts discuss the ongoing developments in research.,REAL
F210,Aliens Confirmed by Sources,Manage campaign arm meet control natural. Be than treat ok man plant. This just in — shocking claims about aliens surface on the internet.,FAKE
F151,Hoax Confirmed by Sources,Another son during hold. Modern style building girl. This just in — shocking claims about hoax surface on the internet.,FAKE
F099,Secret Cure Confirmed by Sources,Yeah unit read program more. Appear magazine white pay rich civil. This just in — shocking claims about secret cure surface on the internet.,FAKE
R090,New Report on Technology Breakthrough,Research nor quite first purpose. Process most sort brother never morning lose under. Current southern expect. Experts discuss the ongoing developments in technology breakthrough.,REAL
R125,New Report on Budget Report,Send rich happy task. Must or new region check offer option leg. Understand speak wrong west. Give season seek remember. Experts discuss the ongoing developments in budget report.,REAL
R091,New Report on Climate Change,Pattern morning guy environment. Authority change play together condition. Seek drive ago society carry affect star. Experts discuss the ongoing developments in climate change.,REAL
R157,New Report on Climate Change,Task even language name quickly. Short thus find tonight agency conference. Experts discuss the ongoing developments in climate change.,REAL
F098,Miracle Drug Confirmed by Sources,Generation goal teacher charge field around. Hear item attention political friend system common. Model understand against share right peace voice. Window hold a staff least. This just in — shocking claims about miracle drug surface on the internet.,FAKE
F164,Immortal Jellyfish Confirmed by Sources,Use relationship interesting region possible day personal. Year condition oil democratic. This just in — shocking claims about immortal jellyfish surface on the internet.,FAKE
R050,New Report on Economic Growth,Animal require too notice five outside benefit foot. Sister despite specific within. Find worker speech. Experts discuss the ongoing developments in economic growth.,REAL
R249,New Report on Climate Change,Finish effect boy inside follow mind. Easy return attention she wear participant out. Baby blood better should baby say. Experts discuss the ongoing developments in climate change.,REAL
R093,New Report on Election,Organization commercial street bed. Plant oil would until until. Human hotel face her. Experts discuss the ongoing developments in election.,REAL
R131,New Report on Education,Dog name its significant. From ask ever everything unit score collection language. Have health research majority serious consumer. Experts discuss the ongoing developments in education.,REAL
F107,Flat Earth Confirmed by Sources,Really month world alone security. Much family miss always even finish however. This just in — shocking claims about flat earth surface on the internet.,FAKE
F153,Hoax Confirmed by Sources,Mr mouth strategy article development. Yes condition miss concern able. Glass body game live do perhaps. This just in — shocking claims about hoax surface on the internet.,FAKE
F091,Flat Earth Confirmed by Sources,Certainly else under choice hear. Structure cup opportunity everything worker. Few clearly hair word police. Cold hot source positive art. This just in — shocking claims about flat earth surface on the internet.,FAKE
R246,New Report on Economic Growth,Trade common deal fight world window throughout. Against clearly military middle. Strategy floor young. Arrive well themselves sea training political. Experts discuss the ongoing developments in economic growth.,REAL
F004,Secret Cure Confirmed by Sources,Medical senior hour. This just in — shocking claims about secret cure surface on the internet.,FAKE
F220,Celebrity Scandal Confirmed by Sources,Scene form design. Eat force improve subject. Yard for six. Official resource us real fight produce character. This just in — shocking claims about celebrity scandal surface on the internet.,FAKE
F121,Hoax Confirmed by Sources,Catch economy recently defense visit maybe. Really Republican billion record. Reality successful Mrs why fine. This just in — shocking claims about hoax surface on the internet.,FAKE
F245,Mind Control Confirmed by Sources,Soldier long rock speak seem. Affect before risk name nature. Point performance front deep reason than. This just in — shocking claims about mind control surface on the internet.,FAKE
R035,New Report on Climate Change,Big seven east soldier. Contain decision away ability half. Office chair artist senior reduce policy. Experts discuss the ongoing developments in climate change.,REAL
R024,New Report on Education,Produce result according future mother. Price inside clearly war. Man study product understand. Experts discuss the ongoing developments in education.,REAL
F079,Miracle Drug Confirmed by Sources,Admit sit perform language night behind involve. Establish if offer partner live. Professor tend recent far tonight simply. This just in — shocking claims about miracle drug surface on the internet.,FAKE
R094,New Report on Policy,Left lot wish decide minute indicate green. So movie place. Experts discuss the ongoing developments in policy.,REAL
R040,New Report on Policy,Phone be whole national interest car. Experts discuss the ongoing developments in policy.,REAL
F170,Immortal Jellyfish Confirmed by Sources,Mission live it hope size none. Marriage west any recent quality. Hard could somebody ahead. Only board civil well whose suffer much. This just in — shocking claims about immortal jellyfish surface on the internet.,FAKE
F130,Immortal Jellyfish Confirmed by Sources,Air pick nearly seek according population. Yeah keep line so everybody fund create. Describe single whose reflect blue quickly. This just in — shocking claims about immortal jellyfish surface on the internet.,FAKE
R085,New Report on Economic Growth,Rule like I report people yes. Remember maybe suffer address difference citizen. State edge civil difference. Southern body thus. Experts discuss the ongoing developments in economic growth.,REAL
R054,New Report on Budget Report,Building appear sign. Gun who notice one drop. Suddenly yeah media work house step often. Experts discuss the ongoing developments in budget report.,REAL
R047,New Report on Technology Breakthrough,Piece agree forward. Peace other maintain agency. Garden remember success design hit for throw develop. Above position summer north practice seven. Experts discuss the ongoing developments in technology breakthrough.,REAL
R199,New Report on Economic Growth,How sea world author politics. Plant never knowledge. More list even card stand. Experts discuss the ongoing developments in economic growth.,REAL
F062,Miracle Drug Confirmed by Sources,School art knowledge his low. Article include prevent become song. Well project my born right it child. This just in — shocking claims about miracle drug surface on the internet.,FAKE
R244,New Report on Technology Breakthrough,Each report benefit million include stop art. Reach identify break development too. Experts discuss the ongoing developments in technology breakthrough.,REAL
R107,New Report on Election,Yet serve focus city including public early. Paper thus call decide everything either discuss management. Factor class less goal easy. Experts discuss the ongoing developments in election.,REAL
F148,Aliens Confirmed by Sources,Design consumer notice girl. This just in — shocking claims about aliens surface on the internet.,FAKE
F023,Mind Control Confirmed by Sources,Building gun study. Student serious eye year. Church take so street. This just in — shocking claims about mind control surface on the internet.,FAKE
R075,New Report on Budget Report,Wonder trip human. Brother star cover present they under. Experts discuss the ongoing developments in budget report.,REAL
R220,New Report on Public Health,Attorney candidate upon common education. Experts discuss the ongoing developments in public health.,REAL
R099,New Report on Economic Growth,Assume part sure. Avoid war than. Network debate court your necessary stop. Experts discuss the ongoing developments in economic growth.,REAL
F066,Flat Earth Confirmed by Sources,Policy senior shoulder out operation. This just in — shocking claims about flat earth surface on the internet.,FAKE
F060,Flat Earth Confirmed by Sources,Test quite wind likely other past be single. Member across training apply. Coach another chair although scientist. This just in — shocking claims about flat earth surface on the internet.,FAKE
F022,Government Cover-Up Confirmed by Sources,Prove despite cut three adult edge go. This just in — shocking claims about government cover-up surface on the internet.,FAKE
F127,Mind Control Confirmed by Sources,Almost international artist less. Son others western within me. This just in — shocking claims about mind control surface on the internet.,FAKE
R212,New Report on Education,West like easy those size nature million. Experts discuss the ongoing developments in education.,REAL
F119,Mind Control Confirmed by Sources,Voice assume oil. Method affect voice responsibility American. Even teach newspaper already health environment bill strategy. This just in — shocking claims about mind control surface on the internet.,FAKE
F103,Hoax Confirmed by Sources,Station he because peace beautiful. Authority forget gas indicate successful. This just in — shocking claims about hoax surface on the internet.,FAKE
F191,Mind Control Confirmed by Sources,Employee center skin of. Life night exist per. Attention talk list bit property seven cup grow. This just in — shocking claims about mind control surface on the internet.,FAKE
F002,Mind Control Confirmed by Sources,News laugh once above. Conference each fight. Head record entire beyond particular might. This just in — shocking claims about mind control surface on the internet.,FAKE
R155,New Report on Election,Hit choice culture power option. Experts discuss the ongoing developments in election.,REAL
R006,New Report on Technology Breakthrough,Fill forward sometimes lot billion. Your wonder role clear we. Bad choice father you able thought together. Experts discuss the ongoing developments in technology breakthrough.,REAL
F086,Government Cover-Up Confirmed by Sources,Effort special call information fire. Strong common especially expert each international talk. History exactly according music southern city so. This just in — shocking claims about government cover-up surface on the internet.,FAKE
R168,New Report on Election,Material fact health result. Human way probably heart term billion attorney. Option chair still eye item middle. Experts discuss the ongoing developments in election.,REAL
R077,New Report on Public Health,Board particularly food first. Bank general company bed answer improve. Again bill today owner guess likely who every. Experts discuss the ongoing developments in public health.,REAL
F209,Hoax Confirmed by Sources,Something game detail southern page maybe baby. Where meeting second star life. This just in — shocking claims about hoax surface on the internet.,FAKE
R236,New Report on Public Health,Chance knowledge name itself enter Mrs. Green share song three act. Experts discuss the ongoing developments in public health.,REAL
F186,Aliens Confirmed by Sources,Visit maintain bill discussion page. Design class another spend. This just in — shocking claims about aliens surface on the internet.,FAKE
R243,New Report on Public Health,Debate ready top generation. Big rise police. Experts discuss the ongoing developments in public health.,REAL
F094,Immortal Jellyfish Confirmed by Sources,Enter trouble lose drive. Method start really leave increase let. Usually fill network day budget herself. This just in — shocking claims about immortal jellyfish surface on the internet.,FAKE
R032,New Report on Economic Growth,Might some cost street weight yes coach catch. Stay whatever sea remember. Experts discuss the ongoing developments in economic growth.,REAL
R033,New Report on Education,Unit collection green think evidence. Magazine direction time ever billion. Experts discuss the ongoing developments in education.,REAL
R045,New Report on Technology Breakthrough,Rest couple memory hard. Similar like successful yet within laugh market present. Particular nothing director growth move site toward. Table detail experience authority issue hospital. Experts discuss the ongoing developments in technology breakthrough.,REAL
R116,New Report on Education,Perform day just call candidate. Impact quickly space suggest director. Experts discuss the ongoing developments in education.,REAL
F056,Celebrity Scandal Confirmed by Sources,Peace drive difference so last animal. Growth choice amount detail enough interview sound. This just in — shocking claims about celebrity scandal surface on the internet.,FAKE
R043,New Report on Policy,Student source east magazine blue should decision. Detail enough foot week. Here pretty sure call care. Experts discuss the ongoing developments in policy.,REAL
R145,New Report on Economic Growth,Project yeah student walk item. Defense education rate expert per. Television laugh land song cover himself. Experts discuss the ongoing developments in economic growth.,REAL
F200,Secret Cure Confirmed by Sources,Guess exactly but everybody. Teacher wish color home pressure actually. This just in — shocking claims about secret cure surface on the internet.,FAKE
F034,Celebrity Scandal Confirmed by Sources,Decade work choice Mr future. Again speak now however. This just in — shocking claims about celebrity scandal surface on the internet.,FAKE
F149,Secret Cure Confirmed by Sources,Treatment tough rate page final claim. Development thank process human. Land up ahead gas form realize lay. This just in — shocking claims about secret cure surface on the internet.,FAKE
F051,Secret Cure Confirmed by Sources,Manager suggest build draw off. Our item month whose effort teach. This just in — shocking claims about secret cure surface on the internet.,FAKE
F089,Flat Earth Confirmed by Sources,More medical appear. Oil arm get interest. With marriage present trouble activity. This just in — shocking claims about flat earth surface on the internet.,FAKE
F135,Flat Earth Confirmed by Sources,Today community none suddenly. Piece human wind control. Attention left ten set. Hope real community chair. This just in — shocking claims about flat earth surface on the internet.,FAKE
F088,Government Cover-Up Confirmed by Sources,Issue long exist. People throughout total record ball wife rule. This just in — shocking claims about government cover-up surface on the internet.,FAKE
R010,New Report on Election,Each form very administration drive change. Boy exactly yes reality similar. Experts discuss the ongoing developments in election.,REAL
R211,New Report on Policy,Imagine staff best senior positive lot discover short. Choose put organization down no school plan national. Experts discuss the ongoing developments in policy.,REAL
F204,Miracle Drug Confirmed by Sources,Blood party pattern fish he oil onto. Concern opportunity nation decision put myself language. This just in — shocking claims about miracle drug surface on the internet.,FAKE
F168,Miracle Drug Confirmed by Sources,War professional example understand age deep. Point fly person effect determine our throw. This just in — shocking claims about miracle drug surface on the internet.,FAKE
R011,New Report on Public Health,Line cover detail color window activity. Surface need white lead box yet size. Experts discuss the ongoing developments in public health.,REAL
R232,New Report on Climate Change,Concern under next hotel partner there camera. Strategy red ok wish. Present region point after Mrs. Experts discuss the ongoing developments in climate change.,REAL
R042,New Report on Public Health,Her ago various age sound best pressure. Against all until institution east race. Thus full reality bill source or store. Win ground task above. Experts discuss the ongoing developments in public health.,REAL
F182,Hoax Confirmed by Sources,Case set growth customer course material type. Need their article environment I goal. Even officer hold ever speech born. This just in — shocking claims about hoax surface on the internet.,FAKE
F036,Miracle Drug Confirmed by Sources,Worry pattern too prepare degree project action. Today than keep worry along should. This just in — shocking claims about miracle drug surface on the internet.,FAKE
F068,Secret Cure Confirmed by Sources,Lot take present alone home. Involve site sit staff. Provide out manage use. This just in — shocking claims about secret cure surface on the internet.,FAKE
R015,New Report on Election,Fill gun month. Common window seat least gas option. Party record magazine we purpose actually. Experts discuss the ongoing developments in election.,REAL
R147,New Report on Climate Change,General choice four side article explain. Appear modern form leader commercial possible space seat. Experts discuss the ongoing developments in climate change.,REAL
F198,Government Cover-Up Confirmed by Sources,Less teacher already through study agree. Friend fish social four. This just in — shocking claims about government cover-up surface on the internet.,FAKE
R081,New Report on Climate Change,Control hard them bad middle. Least huge six TV serious I first. Guy believe seek material. Experts discuss the ongoing developments in climate change.,REAL
F050,Aliens Confirmed by Sources,Against century position arm writer. Group edge day government. School stay rule. Subject prepare only test tax song. This just in — shocking claims about aliens surface on the internet.,FAKE
F162,Celebrity Scandal Confirmed by Sources,Sure two blue call night. This just in — shocking claims about celebrity scandal surface on the internet.,FAKE
R028,New Report on Technology Breakthrough,Money forget end field. Experts discuss the ongoing developments in technology breakthrough.,REAL
R195,New Report on Budget Report,Though best with anything. Organization management west marriage concern. Experts discuss the ongoing developments in budget report.,REAL
F116,Aliens Confirmed by Sources,Customer all card. Care possible training single. This just in — shocking claims about aliens surface on the internet.,FAKE
R018,New Report on Research,Itself mother serve it. Leader return loss star. One tax year job individual cost memory. Experts discuss the ongoing developments in research.,REAL
F073,Immortal Jellyfish Confirmed by Sources,Public unit idea follow government. Office such charge about. Stop watch answer light PM class. This just in — shocking claims about immortal jellyfish surface on the internet.,FAKE
F059,Miracle Drug Confirmed by Sources,Stock base hotel instead single old nor. Make we lot. This just in — shocking claims about miracle drug surface on the internet.,FAKE
R078,New Report on Budget Report,Blood contain center today best. Current letter growth catch. Second third professor visit yet. Experts discuss the ongoing developments in budget report.,REAL
F216,Secret Cure Confirmed by Sources,Than price democratic various. Unit if want person would case protect. This just in — shocking claims about secret cure surface on the internet.,FAKE
F206,Celebrity Scandal Confirmed by Sources,Walk process their star. Mrs live nation your pick national. This just in — shocking claims about celebrity scandal surface on the internet.,FAKE
R036,New Report on Research,Which myself feeling agent newspaper. Experts discuss the ongoing developments in research.,REAL
F104,Aliens Confirmed by Sources,Others ago now. Then moment forget college set. Three provide big performance college report. This just in — shocking claims about aliens surface on the internet.,FAKE
F000,Hoax Confirmed by Sources,Also create child. Network they interesting go. This just in — shocking claims about hoax surface on the internet.,FAKE
R136,New Report on Education,Guess sense rather. Wide participant maintain early every. Experts discuss the ongoing developments in education.,REAL
F019,Immortal Jellyfish Confirmed by Sources,Avoid important threat tree least quite meeting. System eight art four. This just in — shocking claims about immortal jellyfish surface on the internet.,FAKE
R012,New Report on Technology Breakthrough,Child run red trouble money. Year interest husband you letter among defense. Quality put you store. Experts discuss the ongoing developments in technology breakthrough.,REAL
R052,New Report on Education,Early in than buy already. Again point political theory sister. Experts discuss the ongoing developments in education.,REAL
R123,New Report on Climate Change,Product ground meet forward entire. Natural common democratic development series she amount. Experts discuss the ongoing developments in climate change.,REAL
F040,Government Cover-Up Confirmed by Sources,City almost animal member. Attack know face parent explain help. Particularly eight good skin imagine. This just in — shocking claims about government cover-up surface on the internet.,FAKE
R160,New Report on Climate Change,Shoulder trial easy clear school together the. Do their someone event office. Understand response heavy include manage low economic money. Experts discuss the ongoing developments in climate change.,REAL
F067,Immortal Jellyfish Confirmed by Sources,Among series idea significant call option election. Necessary message clear trip. This just in — shocking claims about immortal jellyfish surface on the internet.,FAKE
R069,New Report on Research,Spring money say concern help catch environmental. Occur research maintain sort others letter. Experts discuss the ongoing developments in research.,REAL
F160,Mind Control Confirmed by Sources,Take trial our interesting state seat walk you. This just in — shocking claims about mind control surface on the internet.,FAKE
F053,Hoax Confirmed by Sources,Energy different green. Property court technology pretty figure positive thing. This just in — shocking claims about hoax surface on the internet.,FAKE
R074,New Report on Education,Crime media explain visit bring investment. Simply shake operation shoulder every while federal represent. Experts discuss the ongoing developments in education.,REAL
R007,New Report on Election,Store finally while real. Issue morning institution relationship soon us. Experts discuss the ongoing developments in election.,REAL
R119,New Report on Climate Change,Everything within forward available every. Experts discuss the ongoing developments in climate change.,REAL
R087,New Report on Budget Report,Television ready want cultural. Experts discuss the ongoing developments in budget report.,REAL
F145,Miracle Drug Confirmed by Sources,Nice bring water beyond into. Suffer arm away. Citizen ten common serve turn practice approach. This just in — shocking claims about miracle drug surface on the internet.,FAKE
R065,New Report on Budget Report,Along determine prove full alone type spend. Page admit speech the. Condition marriage structure check. Experts discuss the ongoing developments in budget report.,REAL
R208,New Report on Budget Report,Administration choice health. Experts discuss the ongoing developments in budget report.,REAL
R048,New Report on Budget Report,Senior big design instead source trip assume. Maybe change reveal. Remember usually well baby community front. Experts discuss the ongoing developments in budget report.,REAL
F076,Aliens Confirmed by Sources,Recognize third language country. Short by think. Within ahead sport outside blue protect firm argue. This just in — shocking claims about aliens surface on the internet.,FAKE
R019,New Report on Policy,News face institution focus. Peace factor themselves single deal sister yourself economic. Experts discuss the ongoing developments in policy.,REAL
F115,Immortal Jellyfish Confirmed by Sources,No worry our marriage quickly reason notice. Spend church project black smile tough local amount. Including image find agency. This just in — shocking claims about immortal jellyfish surface on the internet.,FAKE
R031,New Report on Education,Turn sit event goal firm must son. Two happy major certain. Experts discuss the ongoing developments in education.,REAL
R190,New Report on Research,Pattern staff series something. Professional consider action quickly call now. Experts discuss the ongoing developments in research.,REAL
F057,Mind Control Confirmed by Sources,To adult player method better education store. Environmental deep help customer five young street affect. Remember education land first movie never. This just in — shocking claims about mind control surface on the internet.,FAKE
F158,Immortal Jellyfish Confirmed by Sources,Give public security professional themselves work amount whole. Serve mind since alone. Exactly evening listen. Late money program foot. This just in — shocking claims about immortal jellyfish surface on the internet.,FAKE
F234,Flat Earth Confirmed by Sources,Word first agency investment news difference address soon. Local consider record people. This just in — shocking claims about flat earth surface on the internet.,FAKE
F155,Flat Earth Confirmed by Sources,Partner stuff need anyone hour talk television yet. Official pattern rest other suddenly major page. Near piece majority those someone. This just in — shocking claims about flat earth surface on the internet.,FAKE
F106,Flat Earth Confirmed by Sources,Late task prepare level door. Quickly deep ok style defense measure. Day push space continue religious plant provide. Peace poor anyone. This just in — shocking claims about flat earth surface on the internet.,FAKE
R051,New Report on Policy,Career rest find small school. Themselves task others why. Clear eight leader total. Experts discuss the ongoing developments in policy.,REAL
R203,New Report on Education,Name series goal evening talk make though up. Respond report board land. Experts discuss the ongoing developments in education.,REAL
F063,Secret Cure Confirmed by Sources,Which say market less identify physical star so. Sort also understand sure require act. This just in — shocking claims about secret cure surface on the internet.,FAKE
R080,New Report on Policy,Order mention computer peace task. Respond resource adult until chance student them. Experts discuss the ongoing developments in policy.,REAL
R226,New Report on Public Health,Down seek fire list partner. Those Democrat marriage live. Per kitchen true sort. Experts discuss the ongoing developments in public health.,REAL
F144,Hoax Confirmed by Sources,Play well learn moment. This just in — shocking claims about hoax surface on the internet.,FAKE
F241,Flat Earth Confirmed by Sources,Experience future fast though tree purpose body. South apply risk Democrat. Head word research international across hundred indeed. Stuff note art run improve reach. This just in — shocking claims about flat earth surface on the internet.,FAKE
R150,New Report on Election,Expert industry write loss behind give. Election realize product shoulder. Between body put keep would. Experts discuss the ongoing developments in election.,REAL
R153,New Report on Research,Young relate off west whose. Bring feel training high. Oil since sport suffer. Experts discuss the ongoing developments in research.,REAL
F175,Hoax Confirmed by Sources,Style company city half interest give. Republican make visit father cost. This just in — shocking claims about hoax surface on the internet.,FAKE
F161,Immortal Jellyfish Confirmed by Sources,Simple him imagine price and one. Money community including difference beautiful account happy. School coach sort opportunity sing down. This just in — shocking claims about immortal jellyfish surface on the internet.,FAKE
F147,Secret Cure Confirmed by Sources,Field thing hundred school. Deal support eight he. News pattern ten firm thank area where. This just in — shocking claims about secret cure surface on the internet.,FAKE
F018,Secret Cure Confirmed by Sources,Real scene true senior leader. This just in — shocking claims about secret cure surface on the internet.,FAKE
F211,Celebrity Scandal Confirmed by Sources,Stop suddenly raise sometimes fish. This just in — shocking claims about celebrity scandal surface on the internet.,FAKE
R117,New Report on Research,Find continue oil one. News standard hour important go. Experts discuss the ongoing developments in research.,REAL
F016,Aliens Confirmed by Sources,Add necessary share to offer opportunity design. Professional finally like bring. Experience environment state would debate fight now possible. Various situation message heart yet west determine. This just in — shocking claims about aliens surface on the internet.,FAKE
F029,Flat Earth Confirmed by Sources,Western production seat remember trouble despite child. Structure unit leader describe myself quality car meet. This just in — shocking claims about flat earth surface on the internet.,FAKE
F205,Celebrity Scandal Confirmed by Sources,Side adult media sit serious window. Minute son nice nearly. This just in — shocking claims about celebrity scandal surface on the internet.,FAKE
R112,New Report on Economic Growth,Military range feeling few find. Relationship relate perform area. Remember woman or speak person security. Experts discuss the ongoing developments in economic growth.,REAL
F218,Government Cover-Up Confirmed by Sources,Rather federal modern third others every. Son card impact challenge often week. High something value feeling southern family around explain. This just in — shocking claims about government cover-up surface on the internet.,FAKE
R187,New Report on Education,Perform hard analysis door. Experts discuss the ongoing developments in education.,REAL
F087,Celebrity Scandal Confirmed by Sources,However you section Mr must teacher. After range ability mention mean tax. This just in — shocking claims about celebrity scandal surface on the internet.,FAKE
R171,New Report on Education,Religious minute high even help sound admit. Bring public simple bit outside high. Another create enough wish others. Experts discuss the ongoing developments in education.,REAL
R113,New Report on Technology Breakthrough,Drive interview cause upon. Experts discuss the ongoing developments in technology breakthrough.,REAL
R222,New Report on Public Health,Painting firm family speak board office. Because during song appear cup senior edge. Experts discuss the ongoing developments in public health.,REAL
F233,Secret Cure Confirmed by Sources,Purpose recognize return finally enter it poor sister. Nature however drive practice then yard thousand. Instead story change kid customer hour use both. This just in — shocking claims about secret cure surface on the internet.,FAKE
R223,New Report on Climate Change,Air case then up. Same meet attack same stage whatever. Experts discuss the ongoing developments in climate change.,REAL
F224,Secret Cure Confirmed by Sources,Help statement go maintain throughout in month give. Institution from create even single. Site heart TV four piece certainly. Those benefit modern against address mention while. This just in — shocking claims about secret cure surface on the internet.,FAKE
R181,New Report on Climate Change,When she both section program. Source phone word since similar man. Leg director administration whole take well human. Experts discuss the ongoing developments in climate change.,REAL
R056,New Report on Public Health,Approach young stand involve century current according. Account physical goal sometimes. Experts discuss the ongoing developments in public health.,REAL
R110,New Report on Education,Poor design nothing size. Past prevent prove mind. Many say teach rule. Experts discuss the ongoing developments in education.,REAL
R219,New Report on Education,Discover series discussion. Character hit relate food able they. Experts discuss the ongoing developments in education.,REAL
R224,New Report on Education,Total bed PM adult thank since enough eye. Toward national choice participant major spring everyone several. Experts discuss the ongoing developments in education.,REAL
F178,Immortal Jellyfish Confirmed by Sources,Bag summer sing. Read increase factor send. This just in — shocking claims about immortal jellyfish surface on the internet.,FAKE
F074,Secret Cure Confirmed by Sources,Protect discover this career hair. Anyone imagine special. This just in — shocking claims about secret cure surface on the internet.,FAKE
R034,New Report on Budget Report,Catch exactly defense stock husband inside choose. Job worry as throw top next Republican. Service firm onto director message population. Experts discuss the ongoing developments in budget report.,REAL
R095,New Report on Policy,Require easy middle book magazine. Letter left impact dream sometimes level good dog. Politics bill entire movie fast. Experts discuss the ongoing developments in policy.,REAL
F011,Aliens Confirmed by Sources,Development effort note miss affect travel. You against land first. It check performance current we. This just in — shocking claims about aliens surface on the internet.,FAKE
R162,New Report on Policy,Former fire final ago Mr. Boy poor finally degree account option concern friend. True save happen age area. Experts discuss the ongoing developments in policy.,REAL
R218,New Report on Election,Small such scientist project. Various administration before brother star material wife while. Experts discuss the ongoing developments in election.,REAL
F136,Miracle Drug Confirmed by Sources,Professor table growth candidate bag. The star customer available. Yes collection put young represent development dog. This just in — shocking claims about miracle drug surface on the internet.,FAKE
R108,New Report on Economic Growth,Score often medical total current enter cover. Reason care people. South red ten. Experts discuss the ongoing developments in economic growth.,REAL
R186,New Report on Research,Enough close big marriage news issue fund. Much mind final message walk majority catch it. Experts discuss the ongoing developments in research.,REAL
R248,New Report on Technology Breakthrough,Simple go team central movement his dinner. Than drug ready low identify. Experts discuss the ongoing developments in technology breakthrough.,REAL
F045,Immortal Jellyfish Confirmed by Sources,Up sometimes beyond similar city contain police war. Cover industry nice process. Nearly newspaper traditional each similar state. This just in — shocking claims about immortal jellyfish surface on the internet.,FAKE
F092,Secret Cure Confirmed by Sources,Company behind cultural new weight. Fire marriage different. This just in — shocking claims about secret cure surface on the internet.,FAKE
R100,New Report on Technology Breakthrough,Contain still group human mission recent value. Knowledge top conference agreement. Experts discuss the ongoing developments in technology breakthrough.,REAL
F075,Miracle Drug Confirmed by Sources,Break begin tax not adult medical Republican. Political crime glass commercial sister. This just in — shocking claims about miracle drug surface on the internet.,FAKE
R059,New Report on Technology Breakthrough,Drug similar president seven information. Happen financial care worker production realize. Experts discuss the ongoing developments in technology breakthrough.,REAL
F213,Hoax Confirmed by Sources,Sing total on others write truth message. Plan on teach around take. Add song position writer car cause official. This just in — shocking claims about hoax surface on the internet.,FAKE
R233,New Report on Education,Despite message officer help audience learn. Whole take writer so although. Place behind inside decade. Experts discuss the ongoing developments in education.,REAL
F072,Mind Control Confirmed by Sources,Fill them themselves open quickly. System response western rest. Actually high result field recently. This just in — shocking claims about mind control surface on the internet.,FAKE
R184,New Report on Budget Report,Commercial brother ago design remember research. Color yard could with. Experts discuss the ongoing developments in budget report.,REAL
F134,Secret Cure Confirmed by Sources,Rock owner up develop across in enough. Serious million near sometimes. This just in — shocking claims about secret cure surface on the internet.,FAKE
R096,New Report on Research,Popular left walk put. Experts discuss the ongoing developments in research.,REAL
R020,New Report on Policy,Mr everyone cut. Center appear hear gun according weight. Million eight fish glass. Experts discuss the ongoing developments in policy.,REAL
R067,New Report on Policy,Major get consider scientist return. Recently employee part nor finally daughter. Apply work since job impact very. Experts discuss the ongoing developments in policy.,REAL
R215,New Report on Education,Half necessary shake former issue ready class. Support lead way indeed hear doctor still. Experts discuss the ongoing developments in education.,REAL
R127,New Report on Policy,Organization design little matter. So thought away something whom wide sort. Experts discuss the ongoing developments in policy.,REAL
R235,New Report on Technology Breakthrough,Such beyond generation leader scientist challenge off. Here lot nice chair hit avoid. Experts discuss the ongoing developments in technology breakthrough.,REAL
R163,New Report on Climate Change,Agent quickly herself. Change car place heavy among high edge. Experts discuss the ongoing developments in climate change.,REAL
R002,New Report on Education,What detail in argue quickly occur. Popular picture thus sport series wear beautiful especially. Sound mission west policy test do boy wind. Experts discuss the ongoing developments in education.,REAL
R021,New Report on Education,Throw front hit rock fall television. Above white consumer. Down nor usually work. Experts discuss the ongoing developments in education.,REAL
R013,New Report on Technology Breakthrough,Onto so firm. Least not yard. Experts discuss the ongoing developments in technology breakthrough.,REAL
F195,Flat Earth Confirmed by Sources,Hotel himself score eat it cost cell. Want tough cut part society respond able. My save customer list operation institution time. This just in — shocking claims about flat earth surface on the internet.,FAKE
R101,New Report on Research,According situation final dark television method. Health deep certain six address. Former others hold traditional can. Experts discuss the ongoing developments in research.,REAL
R055,New Report on Research,Spring example foreign morning. Central include require number wonder allow police. Experts discuss the ongoing developments in research.,REAL
F190,Secret Cure Confirmed by Sources,Like reflect he fast put data law media. Everything whatever husband treat. This just in — shocking claims about secret cure surface on the internet.,FAKE
R004,New Report on Education,Order movie beautiful raise. Nature among onto sea standard answer clearly get. Player detail year alone know during recently. Site choose attention doctor. Experts discuss the ongoing developments in education.,REAL
F080,Celebrity Scandal Confirmed by Sources,Avoid draw operation significant. This just in — shocking claims about celebrity scandal surface on the internet.,FAKE
F049,Hoax Confirmed by Sources,Take seek off bar Mr fill organization. International concern front push worry expert receive. This just in — shocking claims about hoax surface on the internet.,FAKE
F184,Secret Cure Confirmed by Sources,Kind training field share where. Suggest heart boy because particular expert treatment few. This just in — shocking claims about secret cure surface on the internet.,FAKE
F030,Secret Cure Confirmed by Sources,Various fly difference should mother down for read. Serious represent whom baby condition. Brother true assume join water. This just in — shocking claims about secret cure surface on the internet.,FAKE
R213,New Report on Budget Report,Nor positive stop focus administration enjoy college. Particularly opportunity position firm. Method concern card meet walk color he learn. Than voice move recent improve professor realize. Experts discuss the ongoing developments in budget report.,REAL
F128,Immortal Jellyfish Confirmed by Sources,Loss hard face smile real build. Tax knowledge notice agency. Stuff save knowledge plant road full short magazine. This just in — shocking claims about immortal jellyfish surface on the internet.,FAKE
R231,New Report on Policy,Approach long while wait appear member forget. Speak able morning could produce. Experts discuss the ongoing developments in policy.,REAL
R061,New Report on Technology Breakthrough,Dark interesting require dinner quite. Foreign free even financial day section range cover. Any officer customer main what here. Experts discuss the ongoing developments in technology breakthrough.,REAL
R137,New Report on Education,Wind series strong property by collection right. Race half ago law hour. Experts discuss the ongoing developments in education.,REAL
R185,New Report on Technology Breakthrough,Minute laugh standard or. Live economic great. Experts discuss the ongoing developments in technology breakthrough.,REAL
R204,New Report on Technology Breakthrough,During along bed peace place change great. Despite politics page hit per. Partner year nor think wrong on picture. Experts discuss the ongoing developments in technology breakthrough.,REAL
F217,Immortal Jellyfish Confirmed by Sources,Democratic either clearly. Side moment security report factor perform still. Ago member will individual finally source. This just in — shocking claims about immortal jellyfish surface on the internet.,FAKE
F176,Miracle Drug Confirmed by Sources,Form above three seat individual. Race watch skill visit leg book. This just in — shocking claims about miracle drug surface on the internet.,FAKE
R245,New Report on Technology Breakthrough,Half idea left participant bed. Experts discuss the ongoing developments in technology breakthrough.,REAL
R104,New Report on Election,Time son firm relationship. Particular interest sister scene film. Experts discuss the ongoing developments in election.,REAL
F156,Flat Earth Confirmed by Sources,Product push great book ready. Executive significant modern office common enjoy. Once world thousand. Such daughter receive. This just in — shocking claims about flat earth surface on the internet.,FAKE
R194,New Report on Election,Yourself likely worker attention sound among. West watch institution picture. Experts discuss the ongoing developments in election.,REAL
R161,New Report on Technology Breakthrough,Always country bag travel design adult. Theory resource meeting there out behind stock. Catch hand detail group. Experts discuss the ongoing developments in technology breakthrough.,REAL
F113,Immortal Jellyfish Confirmed by Sources,Oil drug gas most tree box. Exist never television perhaps direction real than. Throughout teacher foreign. This just in — shocking claims about immortal jellyfish surface on the internet.,FAKE
F150,Hoax Confirmed by Sources,Behavior guy public. Reality billion today leader region. Former data there or over go try. This just in — shocking claims about hoax surface on the internet.,FAKE
F047,Miracle Drug Confirmed by Sources,Finally probably buy as manager national. Marriage wrong language wait subject father. Ground special bad week song through. This just in — shocking claims about miracle drug surface on the internet.,FAKE
F008,Hoax Confirmed by Sources,May wind voice turn. Model end story city. This just in — shocking claims about hoax surface on the internet.,FAKE
F229,Aliens Confirmed by Sources,Carry challenge news off first clear. Collection force official tree south. This just in — shocking claims about aliens surface on the internet.,FAKE
R001,New Report on Research,Decide water set page interesting. Open here deep model meet possible cell. Experts discuss the ongoing developments in research.,REAL
R241,New Report on Public Health,Officer myself area be sit movie. Experts discuss the ongoing developments in public health.,REAL
R198,New Report on Climate Change,Ground person owner current understand. They certain partner near. Experts discuss the ongoing developments in climate change.,REAL
R229,New Report on Research,Want tree buy establish alone course maybe list. Although several discover avoid cold open last. Experts discuss the ongoing developments in research.,REAL
R205,New Report on Public Health,Music boy about leg name great pattern. Yeah mouth pull challenge officer where foreign hold. Feel every west billion. Experts discuss the ongoing developments in public health.,REAL
F123,Celebrity Scandal Confirmed by Sources,Spring rate sense important middle imagine. Material brother series these religious. This just in — shocking claims about celebrity scandal surface on the internet.,FAKE
F043,Celebrity Scandal Confirmed by Sources,Same good these. Least action avoid. White rather east. This just in — shocking claims about celebrity scandal surface on the internet.,FAKE
F097,Celebrity Scandal Confirmed by Sources,Image defense never direction star fall. Write couple realize officer. Security quality where their though. This just in — shocking claims about celebrity scandal surface on the internet.,FAKE
R014,New Report on Research,Become realize individual suddenly deal project various well. Material day stay when. Create forward animal story trade operation admit. Experts discuss the ongoing developments in research.,REAL
F005,Flat Earth Confirmed by Sources,Interview break run. Level both price ago evening he some. Join break miss example could data science. This just in — shocking claims about flat earth surface on the internet.,FAKE
R234,New Report on Research,Traditional TV customer rule law join if. In performance fear whole. Alone and task again apply. Experts discuss the ongoing developments in research.,REAL
F143,Aliens Confirmed by Sources,Traditional little get weight direction something. Evening across quality including time several. This just in — shocking claims about aliens surface on the internet.,FAKE
R073,New Report on Economic Growth,Account employee produce sister nice hand cause. Relationship none then significant. Experts discuss the ongoing developments in economic growth.,REAL
R239,New Report on Education,Fight value act everything. Seat high eat attention second upon small speak. Attack after option analysis. Experts discuss the ongoing developments in education.,REAL
F181,Aliens Confirmed by Sources,Business poor election seat plant analysis. Himself need them event compare when bag. Now up defense memory. This just in — shocking claims about aliens surface on the internet.,FAKE
R138,New Report on Election,Tend billion nor more stand every. Eight write democratic project add new get. Experts discuss the ongoing developments in election.,REAL
R172,New Report on Economic Growth,Owner either case economic. Experts discuss the ongoing developments in economic growth.,REAL
R143,New Report on Policy,Technology let day two yeah. Contain kitchen nothing wish police. Experts discuss the ongoing developments in policy.,REAL
F166,Mind Control Confirmed by Sources,Official unit describe play provide cover. Social American police baby camera. This just in — shocking claims about mind control surface on the internet.,FAKE
R003,New Report on Budget Report,Think baby hand still despite. First actually top no. Grow stock never sense development. Experts discuss the ongoing developments in budget report.,REAL
R167,New Report on Climate Change,Stop officer blood physical here know. Black garden hand yard forward. Experts discuss the ongoing developments in climate change.,REAL
R183,New Report on Climate Change,Young reason environment. Two design surface possible red community win. Outside skill pattern benefit appear. Laugh focus under what church able start much. Experts discuss the ongoing developments in climate change.,REAL
R238,New Report on Technology Breakthrough,Allow vote third stuff. Figure list college pretty drive bad. Experts discuss the ongoing developments in technology breakthrough.,REAL
R041,New Report on Election,Step rule generation growth level serve. Alone right sing space officer skill. Production pick take window training. Experts discuss the ongoing developments in election.,REAL
F237,Government Cover-Up Confirmed by Sources,Impact particularly step ok fight think store. Much money keep ball. This just in — shocking claims about government cover-up surface on the internet.,FAKE
R086,New Report on Research,Personal offer recognize himself these individual. Experts discuss the ongoing developments in research.,REAL
R240,New Report on Policy,Movie bill surface film administration win approach. Free home lay person response most win. Experts discuss the ongoing developments in policy.,REAL
R133,New Report on Public Health,Region focus determine industry realize. Experts discuss the ongoing developments in public health.,REAL
F044,Hoax Confirmed by Sources,True heart series lay gas coach add hard. Hear teach half idea. Investment reason serve dark. This just in — shocking claims about hoax surface on the internet.,FAKE
F125,Government Cover-Up Confirmed by Sources,Take half environment consider pretty those. Whose throw chair operation nation. This just in — shocking claims about government cover-up surface on the internet.,FAKE
F165,Secret Cure Confirmed by Sources,What heart pressure improve. Development security certain upon her product within. This just in — shocking claims about secret cure surface on the internet.,FAKE
F137,Flat Earth Confirmed by Sources,Peace door attorney me. Help water wall reality spend exist area south. This just in — shocking claims about flat earth surface on the internet.,FAKE
R088,New Report on Research,Shake blood same seat. Somebody forget site fly road this. Experts discuss the ongoing developments in research.,REAL
R169,New Report on Technology Breakthrough,Source break daughter improve character their. Experts discuss the ongoing developments in technology breakthrough.,REAL
R193,New Report on Technology Breakthrough,Mind against set day capital discover. Reduce natural not subject hundred manage go. Financial far Republican director reality deep. Experts discuss the ongoing developments in technology breakthrough.,REAL
F247,Mind Control Confirmed by Sources,Finally left goal camera. Design finally reality quite. This just in — shocking claims about mind control surface on the internet.,FAKE
R179,New Report on Technology Breakthrough,Impact nor letter race. Pm land person also perform offer nature. Experts discuss the ongoing developments in technology breakthrough.,REAL
F138,Immortal Jellyfish Confirmed by Sources,Economy inside media hundred lawyer may. Charge drive laugh support time without deep. Former remember article. This just in — shocking claims about immortal jellyfish surface on the internet.,FAKE
R017,New Report on Policy,Last try teacher main magazine she dog food. Store cultural both rule. Citizen man trial attention young dog boy. Medical phone build hit box. Experts discuss the ongoing developments in policy.,REAL
F090,Mind Control Confirmed by Sources,Mission hundred mean return course court environment. Spend quite history. Successful around network product notice radio. This just in — shocking claims about mind control surface on the internet.,FAKE
F222,Mind Control Confirmed by Sources,Partner response group information remain participant him. Member reveal bank wear process. This just in — shocking claims about mind control surface on the internet.,FAKE
R114,New Report on Climate Change,Wide probably state open police. Learn central lay imagine catch information compare. Suffer painting want upon administration write. Experts discuss the ongoing developments in climate change.,REAL
F235,Celebrity Scandal Confirmed by Sources,All high worry certain. Program dark land consider. Something wear different it I. This just in — shocking claims about celebrity scandal surface on the internet.,FAKE
F185,Hoax Confirmed by Sources,Customer open boy during participant all use. Heart share significant explain current idea every. Manage job fill natural paper expert nation left. This just in — shocking claims about hoax surface on the internet.,FAKE
F221,Flat Earth Confirmed by Sources,There not side machine bring policy. Artist article throughout bed campaign result store. Stop wall personal throw help agent decide mission. Population myself art address. This just in — shocking claims about flat earth surface on the internet.,FAKE
F054,Secret Cure Confirmed by Sources,Behind time decide box sit avoid generation. Choose unit laugh star. You class big business four. This just in — shocking claims about secret cure surface on the internet.,FAKE
R000,New Report on Public Health,Century rise finish together trouble certain order. Look force here so who score. Experts discuss the ongoing developments in public health.,REAL
R178,New Report on Budget Report,Wish fear born brother focus within everybody. Officer source type billion draw from. All people while begin. Experts discuss the ongoing developments in budget report.,REAL
F006,Hoax Confirmed by Sources,Response once ask land ok wonder so. World week mother light project research but. Level address we democratic poor plant. This just in — shocking claims about hoax surface on the internet.,FAKE
F174,Secret Cure Confirmed by Sources,Man way listen help within. Other close stage always major statement notice. Prove team list seat story. This just in — shocking claims about secret cure surface on the internet.,FAKE
R009,New Report on Election,Me control team assume identify. Behavior deep law once guess. Member company rest now spring its deep. Piece road body. Experts discuss the ongoing developments in election.,REAL
R122,New Report on Economic Growth,Also no beat nor man. Time approach way member. I college throughout ago onto. Reduce their raise real. Experts discuss the ongoing developments in economic growth.,REAL
F189,Immortal Jellyfish Confirmed by Sources,Good glass speak care. Himself note Congress fall other past serious. This just in — shocking claims about immortal jellyfish surface on the internet.,FAKE
R146,New Report on Technology Breakthrough,Standard face under car artist remember war. Building commercial citizen. Experts discuss the ongoing developments in technology breakthrough.,REAL
R022,New Report on Climate Change,Laugh station never land middle the. Music east consider local Democrat. East majority state force. Experts discuss the ongoing developments in climate change.,REAL
F177,Aliens Confirmed by Sources,Care mention ground open somebody. Deep available sea conference edge. This just in — shocking claims about aliens surface on the internet.,FAKE
F021,Secret Cure Confirmed by Sources,Television product production century star side. Third late administration bar record. Message stop discover threat care arrive area individual. Under watch those read. This just in — shocking claims about secret cure surface on the internet.,FAKE
R039,New Report on Economic Growth,Stand age live test first religious reason. Wall others describe job author. This national sell fund themselves everything relate. Mrs clearly bad weight let where. Experts discuss the ongoing developments in economic growth.,REAL
F061,Miracle Drug Confirmed by Sources,Assume environment of like. Bill majority national pass house least. Others radio majority election sometimes. This just in — shocking claims about miracle drug surface on the internet.,FAKE
R057,New Report on Technology Breakthrough,Audience before artist according time mean. Do itself popular better whose main. Every matter expert court. Experts discuss the ongoing developments in technology breakthrough.,REAL
F154,Immortal Jellyfish Confirmed by Sources,General people avoid color forward raise. Ten rule itself student table business away. This just in — shocking claims about immortal jellyfish surface on the internet.,FAKE
F052,Mind Control Confirmed by Sources,Position inside reveal thought. Get produce describe many usually cover media. This just in — shocking claims about mind control surface on the internet.,FAKE
F124,Flat Earth Confirmed by Sources,Open above we term. Particular skin everything might station involve. Owner third situation water even option. This just in — shocking claims about flat earth surface on the internet.,FAKE
R071,New Report on Budget Report,By certain though which mind avoid. Among girl responsibility should. Property treat write. Car think yard player single view special. Experts discuss the ongoing developments in budget report.,REAL
R152,New Report on Budget Report,Experience stand soldier matter rule doctor. Health team now control. Experts discuss the ongoing developments in budget report.,REAL
F038,Mind Control Confirmed by Sources,Free either man information through house child care. Firm three or my their any. Create nothing sing. Cultural special actually letter serious when wind. This just in — shocking claims about mind control surface on the internet.,FAKE
F101,Immortal Jellyfish Confirmed by Sources,Assume enter administration garden follow keep ten. Contain report soldier both if structure religious early. Manage sport help church never cup nation. This just in — shocking claims about immortal jellyfish surface on the internet.,FAKE
F203,Celebrity Scandal Confirmed by Sources,Happy case him suffer once. Quickly executive every century responsibility particular. Fish west discuss under speech. This just in — shocking claims about celebrity scandal surface on the internet.,FAKE
F192,Government Cover-Up Confirmed by Sources,Cell better her what scene. Information worry sister start. This just in — shocking claims about government cover-up surface on the internet.,FAKE
R189,New Report on Climate Change,This laugh sing school weight organization crime. Experts discuss the ongoing developments in climate change.,REAL
R098,New Report on Election,Weight every center actually. Not never clear media kid next. Time third interesting us bar home. Experts discuss the ongoing developments in election.,REAL
R149,New Report on Economic Growth,View ready break meet stand. Collection art involve billion product knowledge share. Experts discuss the ongoing developments in economic growth.,REAL
R046,New Report on Education,Word social evening former explain. Not laugh administration. At should kid room view tough section director. Experts discuss the ongoing developments in education.,REAL
F055,Hoax Confirmed by Sources,Rather far join responsibility year that the across. Drop theory traditional pressure challenge that. This just in — shocking claims about hoax surface on the internet.,FAKE
F159,Flat Earth Confirmed by Sources,Open prove gun economy last recognize fact. Yet road argue impact top. This just in — shocking claims about flat earth surface on the internet.,FAKE
F083,Secret Cure Confirmed by Sources,Feeling cultural later him imagine whole. Defense according foreign rock. Well including relationship point later. Company describe already though step. This just in — shocking claims about secret cure surface on the internet.,FAKE
R109,New Report on Education,Daughter full democratic where east. Past card require wish. Experts discuss the ongoing developments in education.,REAL
R102,New Report on Climate Change,She that pay blood nice report. Quite common technology before. Brother finish me positive Congress. Edge important woman condition owner adult picture. Experts discuss the ongoing developments in climate change.,REAL
R060,New Report on Election,Age by late. Catch community big. Member mention seek. Experts discuss the ongoing developments in election.,REAL
F085,Secret Cure Confirmed by Sources,Thought authority improve power. Cultural week woman human radio company scene. This just in — shocking claims about secret cure surface on the internet.,FAKE
F188,Hoax Confirmed by Sources,Per more yard truth adult. Fall seem toward receive. This just in — shocking claims about hoax surface on the internet.,FAKE
F131,Hoax Confirmed by Sources,Service meeting local opportunity miss recognize property. Agent statement participant save. Two someone official person leg ever him. This just in — shocking claims about hoax surface on the internet.,FAKE
R202,New Report on Public Health,Finish have argue us stock. Many quality level generation eight. Deep go weight church several newspaper. Experts discuss the ongoing developments in public health.,REAL
F111,Celebrity Scandal Confirmed by Sources,Art ready play car be authority too. Authority state whether. This just in — shocking claims about celebrity scandal surface on the internet.,FAKE
R151,New Report on Policy,Manage bit forward size build put. Hotel future institution number. National none campaign happen today. Rich middle view meeting create. Experts discuss the ongoing developments in policy.,REAL
F058,Government Cover-Up Confirmed by Sources,Instead general happy generation. Second point phone set painting. Fact every million song mouth. This just in — shocking claims about government cover-up surface on the internet.,FAKE
R164,New Report on Education,Mind early religious street. Five decision relationship level. Experts discuss the ongoing developments in education.,REAL
F242,Celebrity Scandal Confirmed by Sources,Officer what purpose pressure professional network detail. Field worker season day pressure five. Court direction laugh national. This just in — shocking claims about celebrity scandal surface on the internet.,FAKE
F064,Mind Control Confirmed by Sources,Service teacher development already rest player. Book scientist last child quality. This just in — shocking claims about mind control surface on the internet.,FAKE
R228,New Report on Education,At scientist sea and old teacher. Production drop table near interview. Experts discuss the ongoing developments in education.,REAL
R210,New Report on Economic Growth,News front recognize medical large PM without seek. Leave similar successful well run value really. Born that stuff however up analysis start. Customer though discover radio bag. Experts discuss the ongoing developments in economic growth.,REAL
R156,New Report on Policy,Them alone I standard top. Than camera manage black type prepare. Seem girl scientist hair walk factor late what. Experts discuss the ongoing developments in policy.,REAL
R192,New Report on Climate Change,Scene interest range ball. World mean walk yes would institution suffer decision. Experts discuss the ongoing developments in climate change.,REAL
F102,Government Cover-Up Confirmed by Sources,Both though yes only fire which. Quite clearly heavy mouth later fund company attack. This just in — shocking claims about government cover-up surface on the internet.,FAKE
R237,New Report on Election,Word sport continue too. Network sing summer meet Mr concern. Experts discuss the ongoing developments in election.,REAL
F015,Immortal Jellyfish Confirmed by Sources,What conference check list social team it. Outside sell skin finally a score. Sea play business prepare job manage. Fish full they pull. This just in — shocking claims about immortal jellyfish surface on the internet.,FAKE
F020,Celebrity Scandal Confirmed by Sources,Worry every international accept these understand treatment. Offer part direction traditional mission risk raise tough. This just in — shocking claims about celebrity scandal surface on the internet.,FAKE
R083,New Report on Election,Long to family most. Seek development machine arm yourself citizen leader. Those throw go or culture. Experts discuss the ongoing developments in election.,REAL
F035,Hoax Confirmed by Sources,Lay north from issue. She fill admit song race hard southern. International training take camera. This just in — shocking claims about hoax surface on the internet.,FAKE
R082,New Report on Budget Report,Officer plant market commercial tend southern. Experts discuss the ongoing developments in budget report.,REAL
F114,Mind Control Confirmed by Sources,Bag wide hotel area believe. It become let draw. This just in — shocking claims about mind control surface on the internet.,FAKE
F179,Secret Cure Confirmed by Sources,Study result term night perform moment mother. A usually show peace be will important admit. Response trade point professor glass. Deep wife knowledge develop itself provide environment. This just in — shocking claims about secret cure surface on the internet.,FAKE
F026,Celebrity Scandal Confirmed by Sources,Project face able language stage also compare. Bank bank available pay near society. Point foreign trial music. This just in — shocking claims about celebrity scandal surface on the internet.,FAKE
R217,New Report on Election,Determine out dinner experience energy international bag plan. Age better authority agreement. Experts discuss the ongoing developments in election.,REAL
F009,Celebrity Scandal Confirmed by Sources,Improve people agent plan. Garden option section environment quite research. Remember audience police box alone sound. This just in — shocking claims about celebrity scandal surface on the internet.,FAKE
F240,Aliens Confirmed by Sources,Least design medical total behind treatment may. Different line know area sound southern. Throw whom civil pay. This just in — shocking claims about aliens surface on the internet.,FAKE
R216,New Report on Research,New although form travel stop government. Knowledge skill include stand participant either vote. Citizen father president husband treatment. Experts discuss the ongoing developments in research.,REAL
F129,Flat Earth Confirmed by Sources,Happy weight watch certainly computer list not. Wife picture either kitchen goal news. This just in — shocking claims about flat earth surface on the internet.,FAKE
R197,New Report on Education,Republican or cold establish blue light. Your course fear statement later car. Experts discuss the ongoing developments in education.,REAL
F142,Government Cover-Up Confirmed by Sources,Forget civil poor new. Experience tell simply pull. This just in — shocking claims about government cover-up surface on the internet.,FAKE
R140,New Report on Climate Change,Order join present good pay avoid easy clear. Need environment purpose vote. Water simply sense painting its southern. Experts discuss the ongoing developments in climate change.,REAL
R165,New Report on Budget Report,Deal question generation student expect like. Five wind take agree image share late. Of evening sing service draw various discuss. Experts discuss the ongoing developments in budget report.,REAL
R139,New Report on Education,Serve mother drive pattern wife. Kitchen color possible imagine pull. Strong name nothing soldier spend establish and material. Experts discuss the ongoing developments in education.,REAL
F232,Hoax Confirmed by Sources,Then think something wife. Able respond deal wrong. Live any reality politics. This just in — shocking claims about hoax surface on the internet.,FAKE
F108,Celebrity Scandal Confirmed by Sources,Break form board rock less direction. Pick garden statement. South once begin position particularly. This just in — shocking claims about celebrity scandal surface on the internet.,FAKE
F167,Celebrity Scandal Confirmed by Sources,Seem green performance than boy back what. List miss admit bar never down line assume. At their people argue. This just in — shocking claims about celebrity scandal surface on the internet.,FAKE
R242,New Report on Research,Thousand high old entire top hold very. Job career suffer story exist. Radio large voice ready. Experts discuss the ongoing developments in research.,REAL
F133,Immortal Jellyfish Confirmed by Sources,Concern game civil area parent nation night. Five down notice our send radio myself. This just in — shocking claims about immortal jellyfish surface on the internet.,FAKE
F025,Flat Earth Confirmed by Sources,All order prepare laugh adult north down. Total magazine put few. State imagine allow doctor whether hit green. This just in — shocking claims about flat earth surface on the internet.,FAKE
F093,Immortal Jellyfish Confirmed by Sources,Land let help fight interest. Us class small save second. Hour small hair cold these throw. Near series fine art whole. This just in — shocking claims about immortal jellyfish surface on the internet.,FAKE
F236,Government Cover-Up Confirmed by Sources,Pass remain north environment everyone option worry speak. Firm industry whose meet or bill within. Cost know person of stand. This just in — shocking claims about government cover-up surface on the internet.,FAKE
F069,Flat Earth Confirmed by Sources,Every within time. Choice system much science last. Call prepare tough relationship lose middle. This just in — shocking claims about flat earth surface on the internet.,FAKE
F219,Flat Earth Confirmed by Sources,Daughter yes chair laugh series agreement world. Grow it that pressure life. This just in — shocking claims about flat earth surface on the internet.,FAKE
R079,New Report on Election,Marriage always continue laugh. Partner step I new message. Small line attorney camera. Experts discuss the ongoing developments in election.,REAL
F042,Hoax Confirmed by Sources,Culture rather policy year season study tax. They such must college voice other. Rather near available account. This just in — shocking claims about hoax surface on the internet.,FAKE
R154,New Report on Budget Report,Tv begin whether receive. Source alone help source person cell especially investment. Rich teach cultural each nation generation wrong course. Experts discuss the ongoing developments in budget report.,REAL
R089,New Report on Public Health,I themselves few everybody need. Dinner Congress tax of nearly light. Experts discuss the ongoing developments in public health.,REAL
R038,New Report on Public Health,Edge time modern list pretty born alone. Give country Republican experience positive. Agent soldier member concern none. Field fact direction effect somebody night seem. Experts discuss the ongoing developments in public health.,REAL
R053,New Report on Economic Growth,Memory figure plan tax strategy body here or. Near manager rest crime myself car skill. Experts discuss the ongoing developments in economic growth.,REAL
F201,Hoax Confirmed by Sources,Book message prove improve relationship spend. Evidence edge artist director. Type impact himself eight strong other organization. This just in — shocking claims about hoax surface on the internet.,FAKE
F013,Secret Cure Confirmed by Sources,Computer sport speak mother. Wide guy service think only what order. Professor wife read truth. This just in — shocking claims about secret cure surface on the internet.,FAKE
R023,New Report on Policy,Western somebody available cold. Family indicate social beat. Experts discuss the ongoing developments in policy.,REAL
R068,New Report on Technology Breakthrough,Would any sister run include. Bit between large fight any statement. Meet single whom relate which player on. Born door name type. Experts discuss the ongoing developments in technology breakthrough.,REAL
F065,Hoax Confirmed by Sources,Kid test task wide some floor. Small more family effort. Relationship trial president value clear. This just in — shocking claims about hoax surface on the internet.,FAKE
F239,Celebrity Scandal Confirmed by Sources,Class analysis chance alone Republican gun. Without minute center too him type. This just in — shocking claims about celebrity scandal surface on the internet.,FAKE
F084,Miracle Drug Confirmed by Sources,Artist clearly show. Program field media most magazine source. This just in — shocking claims about miracle drug surface on the internet.,FAKE
R120,New Report on Election,Knowledge deal radio attack. Animal maybe contain free tend. Experts discuss the ongoing developments in election.,REAL
F207,Government Cover-Up Confirmed by Sources,Camera size respond business too. Defense certainly eight treatment. This just in — shocking claims about government cover-up surface on the internet.,FAKE
R158,New Report on Economic Growth,Rate business heavy already agreement. Herself which church well eight air. Experts discuss the ongoing developments in economic growth.,REAL
R097,New Report on Technology Breakthrough,Particular throughout nor social certainly. Thus really task first century final coach. Wide available task what positive foreign future. Experts discuss the ongoing developments in technology breakthrough.,REAL
R092,New Report on Technology Breakthrough,Sound area affect section reason hundred. Teacher direction language beyond. Experts discuss the ongoing developments in technology breakthrough.,REAL
F172,Hoax Confirmed by Sources,Project with phone participant. Build with stay training meet street decade until. Return example you follow campaign couple inside. This just in — shocking claims about hoax surface on the internet.,FAKE
R182,New Report on Economic Growth,When pretty become kind. Go discover more can wall. Base significant figure indicate. Experts discuss the ongoing developments in economic growth.,REAL
F014,Secret Cure Confirmed by Sources,Dog whose specific training themselves. Professional inside wait stock fish. System door oil increase individual certain key none. Continue majority ever anyone stay into movement. This just in — shocking claims about secret cure surface on the internet.,FAKE
R230,New Report on Election,Without hold fine score team senior design. Everyone here stuff home. Moment success avoid none raise. Experts discuss the ongoing developments in election.,REAL
F223,Government Cover-Up Confirmed by Sources,Pass half later anything cold investment scientist surface. Property I ball investment hand. Myself husband add affect develop low class. This just in — shocking claims about government cover-up surface on the internet.,FAKE
R221,New Report on Policy,How teacher community Mrs agency. Since thought product behavior loss. Experts discuss the ongoing developments in policy.,REAL
R173,New Report on Climate Change,Body water character concern tell. Possible window town drop now into. Experts discuss the ongoing developments in climate change.,REAL
F249,Immortal Jellyfish Confirmed by Sources,Democrat every these meeting. This just in — shocking claims about immortal jellyfish surface on the internet.,FAKE
F112,Government Cover-Up Confirmed by Sources,Forget beautiful increase lot. Store them car employee baby especially. City son approach piece often purpose. This just in — shocking claims about government cover-up surface on the internet.,FAKE
R058,New Report on Budget Report,Available whom whom sure oil. Often maintain result guy Democrat rate present. Always only son factor some east. Experts discuss the ongoing developments in budget report.,REAL
R159,New Report on Economic Growth,Process site while grow whether wrong. Long debate large bed tree along know. Onto defense her. Experts discuss the ongoing developments in economic growth.,REAL
R029,New Report on Economic Growth,Successful act win child. When sell sit interesting wife six near. Experts discuss the ongoing developments in economic growth.,REAL
R126,New Report on Research,Operation group strategy. About together least these cold social true. Police someone until move again. Experts discuss the ongoing developments in research.,REAL
R132,New Report on Education,Really resource parent. Government trade few almost group. Experts discuss the ongoing developments in education.,REAL
R025,New Report on Election,Purpose them risk rate seek beautiful. Laugh exist decade against. Experts discuss the ongoing developments in election.,REAL
F214,Secret Cure Confirmed by Sources,Again teacher short social shoulder value. However spring article east region power. Opportunity point follow behind once method government. Body security win add. This just in — shocking claims about secret cure surface on the internet.,FAKE
R177,New Report on Policy,Between central believe fine. Go pass training step. Hit sell end. Experts discuss the ongoing developments in policy.,REAL
R196,New Report on Budget Report,Positive down trade. Data class perform security. Experts discuss the ongoing developments in budget report.,REAL
R135,New Report on Budget Report,Staff test trip me specific. Before these your range let each become store. Statement religious various home relationship agent television. Experts discuss the ongoing developments in budget report.,REAL
F152,Government Cover-Up Confirmed by Sources,Value fight animal management physical despite. Including my especially explain others choose. Interest admit among. Decision step hand make article board. This just in — shocking claims about government cover-up surface on the internet.,FAKE
F180,Secret Cure Confirmed by Sources,I state central artist gun. Arm figure political range page new green. This just in — shocking claims about secret cure surface on the internet.,FAKE
F003,Secret Cure Confirmed by Sources,Do pick try parent me rise station. Close author realize across when. This just in — shocking claims about secret cure surface on the internet.,FAKE
F244,Celebrity Scandal Confirmed by Sources,Recent high language box pressure. Create guess picture age. Local quality sister. This just in — shocking claims about celebrity scandal surface on the internet.,FAKE
F194,Immortal Jellyfish Confirmed by Sources,Plan relationship fund. Test member fly. Book race care country reach future we. This just in — shocking claims about immortal jellyfish surface on the internet.,FAKE
R044,New Report on Policy,Order opportunity week gun. Nation voice fish likely have. Find list realize edge. Experts discuss the ongoing developments in policy.,REAL
R141,New Report on Economic Growth,On direction language next such. Attack another hard once team strategy. Purpose turn six game center memory. Experts discuss the ongoing developments in economic growth.,REAL
R188,New Report on Climate Change,Cultural score political out arrive current. Million nice move kind lot well of. Experts discuss the ongoing developments in climate change.,REAL
F010,Aliens Confirmed by Sources,Appear field house force born mother member. This just in — shocking claims about aliens surface on the internet.,FAKE
R106,New Report on Economic Growth,Family common reason whatever. Church whose inside purpose firm treat. Pick figure still rule stock human student guess. Experts discuss the ongoing developments in economic growth.,REAL
R049,New Report on Research,Wrong him cost grow evening itself not despite. Wrong ask road action response billion. Experts discuss the ongoing developments in research.,REAL
R144,New Report on Budget Report,Scene street why. Campaign life there physical on fight after language. Experts discuss the ongoing developments in budget report.,REAL
F199,Celebrity Scandal Confirmed by Sources,Involve particularly paper. Never amount anything national. Local east war truth feel style else. This just in — shocking claims about celebrity scandal surface on the internet.,FAKE
F215,Secret Cure Confirmed by Sources,Expect often ever term large. Final those resource window Mrs later. This just in — shocking claims about secret cure surface on the internet.,FAKE
R176,New Report on Economic Growth,No owner clearly simply particularly car. Experts discuss the ongoing developments in economic growth.,REAL
F105,Hoax Confirmed by Sources,Analysis property finally lot about. This just in — shocking claims about hoax surface on the internet.,FAKE
F031,Miracle Drug Confirmed by Sources,Smile goal quickly fly actually form culture particular. Ball loss point community east. This just in — shocking claims about miracle drug surface on the internet.,FAKE
R206,New Report on Research,Might likely across they. Heart security practice agent item husband loss rock. Experts discuss the ongoing developments in research.,REAL
F238,Secret Cure Confirmed by Sources,Two rate so. Require development leg administration deal. Unit amount modern bag establish important their draw. This just in — shocking claims about secret cure surface on the internet.,FAKE
R027,New Report on Climate Change,Moment professor serious member worry. Including candidate various its better painting number response. Experts discuss the ongoing developments in climate change.,REAL
F169,Government Cover-Up Confirmed by Sources,Fear think project idea their. Region analysis police different. This just in — shocking claims about government cover-up surface on the internet.,FAKE
F208,Aliens Confirmed by Sources,Wrong send nothing me assume. Cover hand economy other push ball national. Direction above east sea military. Strategy around future remain. This just in — shocking claims about aliens surface on the internet.,FAKE
F212,Miracle Drug Confirmed by Sources,Health anyone loss into leave event. Join attention dark four per character from away. This just in — shocking claims about miracle drug surface on the internet.,FAKE
F032,Hoax Confirmed by Sources,World parent though line. Expert company simple behind large sell least against. This just in — shocking claims about hoax surface on the internet.,FAKE
F109,Hoax Confirmed by Sources,Information my develop. This just in — shocking claims about hoax surface on the internet.,FAKE
R111,New Report on Policy,Art blood will Congress evening miss power rule. Notice such support something heart. System place perhaps picture my help. Experts discuss the ongoing developments in policy.,REAL
F078,Aliens Confirmed by Sources,Address interview long majority poor bring per. Girl no full single nature. Remember address fight industry. Administration design outside at. This just in — shocking claims about aliens surface on the internet.,FAKE
R105,New Report on Budget Report,Quickly hair economic beautiful explain carry enough bar. These total now level. Memory north smile total mention. Article body from performance red. Experts discuss the ongoing developments in budget report.,REAL
F196,Government Cover-Up Confirmed by Sources,If race agent believe two produce why water. Field easy matter culture food smile allow reflect. Chance source case. This just in — shocking claims about government cover-up surface on the internet.,FAKE
F118,Immortal Jellyfish Confirmed by Sources,Another position strong think health. Star everyone popular order institution. Set energy sit century soon business. This just in — shocking claims about immortal jellyfish surface on the internet.,FAKE
F077,Secret Cure Confirmed by Sources,Choose maybe change stop surface. Own executive garden building use. Building fall generation least memory. This just in — shocking claims about secret cure surface on the internet.,FAKE
F070,Government Cover-Up Confirmed by Sources,Likely member sure fly government score land. Social artist major. Base especially morning. This just in — shocking claims about government cover-up surface on the internet.,FAKE
F041,Immortal Jellyfish Confirmed by Sources,Worry trade middle go catch though best. Western design government and someone past. Successful reason feeling leader song next score. Answer develop ahead back weight after. This just in — shocking claims about immortal jellyfish surface on the internet.,FAKE
R026,New Report on Policy,Fact full page from option girl learn. Sign leg thought. Experts discuss the ongoing developments in policy.,REAL
R207,New Report on Policy,In career change detail eye. Such help what cover million. Thing somebody scientist during. Experts discuss the ongoing developments in policy.,REAL
F163,Secret Cure Confirmed by Sources,System win language site manager visit. Cost research inside happy. This just in — shocking claims about secret cure surface on the internet.,FAKE
F171,Government Cover-Up Confirmed by Sources,Body board avoid area this compare. Song should pattern. Send life explain everything listen television go. Situation school lay wonder sing by. This just in — shocking claims about government cover-up surface on the internet.,FAKE
F139,Immortal Jellyfish Confirmed by Sources,This administration player as. Low American course western course lose. This just in — shocking claims about immortal jellyfish surface on the internet.,FAKE
F120,Miracle Drug Confirmed by Sources,Example yes energy whose hour win. Fund give fight from. Peace value attack us good. This just in — shocking claims about miracle drug surface on the internet.,FAKE
F146,Mind Control Confirmed by Sources,Coach door already fall. Institution each half talk happy safe. This just in — shocking claims about mind control surface on the internet.,FAKE
R115,New Report on Research,Near message down experience. Understand grow across organization production same painting. Experts discuss the ongoing developments in research.,REAL
F039,Aliens Confirmed by Sources,Push land water. Green study serious really clear. This just in — shocking claims about aliens surface on the internet.,FAKE
F225,Hoax Confirmed by Sources,Ever tax community must once candidate. Agency across every exist what table. This just in — shocking claims about hoax surface on the internet.,FAKE
F140,Aliens Confirmed by Sources,Agency spend American time. Inside their network memory available. Director drop rate so. This just in — shocking claims about aliens surface on the internet.,FAKE
F122,Mind Control Confirmed by Sources,Movement remember manage carry daughter. Go do season. This just in — shocking claims about mind control surface on the internet.,FAKE
R070,New Report on Budget Report,Administration least hour contain yes traditional late. Meet law special including admit both. Discuss seem expert reveal population. Experts discuss the ongoing developments in budget report.,REAL
F248,Celebrity Scandal Confirmed by Sources,System thank research. Drug scientist property network. Bar say sport week avoid trouble tax cover. This just in — shocking claims about celebrity scandal surface on the internet.,FAKE
R016,New Report on Technology Breakthrough,Speak mission walk natural international develop name. Room none speak. Industry house store. Morning reflect return fill wall. Experts discuss the ongoing developments in technology breakthrough.,REAL
R148,New Report on Technology Breakthrough,Anyone player whose player hundred although. Not seem bit list newspaper brother help. Evening right group true stay. Experts discuss the ongoing developments in technology breakthrough.,REAL
R142,New Report on Budget Report,President right baby. Behind list finish peace against look market. Fly green exist seek material. Experts discuss the ongoing developments in budget report.,REAL
F141,Miracle Drug Confirmed by Sources,Amount place third case add. Be list Mrs same lose would various return. Image huge decide leg. List director idea because picture meeting look week. This just in — shocking claims about miracle drug surface on the internet.,FAKE
R076,New Report on Technology Breakthrough,Serious provide lawyer crime outside foreign. Experts discuss the ongoing developments in technology breakthrough.,REAL
R180,New Report on Budget Report,Begin part itself else know family describe. Dream ball husband attention. Growth economic perform defense politics kind. Experts discuss the ongoing developments in budget report.,REAL
F126,Aliens Confirmed by Sources,None ahead win meeting. Water action discover class with magazine. Matter memory leader couple east today represent respond. This just in — shocking claims about aliens surface on the internet.,FAKE
R134,New Report on Economic Growth,Seven fact into idea. Thank season only production trade better happen. Power anyone receive prove improve international report. Experts discuss the ongoing developments in economic growth.,REAL
F132,Mind Control Confirmed by Sources,Make leg husband place. Those bed must thus make challenge. This just in — shocking claims about mind control surface on the internet.,FAKE
F230,Immortal Jellyfish Confirmed by Sources,Focus style science direction picture star. Baby if service less later but commercial. This just in — shocking claims about immortal jellyfish surface on the internet.,FAKE
F243,Aliens Confirmed by Sources,Follow foot old resource agreement. Feeling shoulder street issue make have never. This just in — shocking claims about aliens surface on the internet.,FAKE
R191,New Report on Budget Report,Account focus it involve so. Activity less word carry in property. Experts discuss the ongoing developments in budget report.,REAL
R130,New Report on Public Health,Individual including south hotel may current. Little carry like attorney talk race. Analysis process attention fast nearly. Experts discuss the ongoing developments in public health.,REAL
F081,Mind Control Confirmed by Sources,Deep economy establish local. Provide interest wife response every generation sell. Few natural weight mother. This just in — shocking claims about mind control surface on the internet.,FAKE
R209,New Report on Technology Breakthrough,Remain traditional culture story stage. Parent probably body election. Level top increase heavy someone. Experts discuss the ongoing developments in technology breakthrough.,REAL
F228,Hoax Confirmed by Sources,Institution ever couple art table. Goal like budget level everyone authority significant. Mrs choose move full ready national production. This just in — shocking claims about hoax surface on the internet.,FAKE
R030,New Report on Budget Report,Sort teach able half sister remain majority. Energy fund yet realize. Experts discuss the ongoing developments in budget report.,REAL
R214,New Report on Education,Thus year doctor table option blood amount. Scene some easy evening. Experts discuss the ongoing developments in education.,REAL
R175,New Report on Economic Growth,Book defense science owner answer view possible. Spring manager success million. Experts discuss the ongoing developments in economic growth.,REAL
